load,spans,power_dbm,snets2_snr_ase_db,gnpy_snr_ase_db,delta_snr_ase_db,snets2_snr_nli_db,gnpy_snr_nli_db,delta_snr_nli_db,snets2_snr_db,gnpy_snr_db,delta_snr_db
isolated,1,-6,22.50743740748582,22.384062698443405,0.12337470904241599,50.0921442185053,50.0921442185053,0.0,22.49987020743706,22.37670726388906,0.1231629435479995
isolated,1,-5,23.50743740748582,23.384062698443408,0.12337470904241243,48.0921442185053,48.0921442185053,0.0,23.49235192733125,23.369399025374094,0.1229529019571558
isolated,1,-4,24.507437407485817,24.3840626984434,0.12337470904241599,46.0921442185053,46.092144218505304,-7.105427357601002e-15,24.477389766476495,24.35485381896096,0.12253594751553365
isolated,1,-3,25.507437407485817,25.384062698443405,0.12337470904241243,44.09214421850529,44.0921442185053,-7.105427357601002e-15,25.447689484962748,25.32597707685264,0.1217124081101062
isolated,1,-2,26.507437407485817,26.384062698443405,0.12337470904241243,42.09214421850529,42.0921442185053,-7.105427357601002e-15,26.389029748180228,26.26892787476319,0.12010187341703826
isolated,1,-1,27.50743740748582,27.384062698443405,0.12337470904241599,40.09214421850529,40.0921442185053,-7.105427357601002e-15,27.274303840803483,27.157291313076417,0.11701252772706638
isolated,1,0,28.50743740748582,28.384062698443408,0.12337470904241243,38.09214421850529,38.0921442185053,-7.105427357601002e-15,28.054072197623576,27.94277196732736,0.11130023029621583
isolated,1,1,29.50743740748582,29.3840626984434,0.12337470904241954,36.0921442185053,36.0921442185053,0.0,28.645448723715607,28.54402730708754,0.10142141662806736
isolated,1,2,30.507437407485824,30.384062698443405,0.12337470904241954,34.09214421850529,34.0921442185053,-7.105427357601002e-15,28.929680380498368,28.843517833647134,0.08616254685123437
isolated,1,3,31.507437407485817,31.384062698443405,0.12337470904241243,32.0921442185053,32.0921442185053,0.0,28.779658122724854,28.713388597044165,0.06626952568068845
isolated,1,4,32.50743740748582,32.38406269844341,0.12337470904240888,30.092144218505293,30.092144218505293,0.0,28.12370541070524,28.078335719724755,0.045369690980486155
isolated,1,5,33.507437407485824,33.38406269844341,0.12337470904241599,28.09214421850529,28.092144218505297,-7.105427357601002e-15,26.995045073173486,26.967198153828456,0.027846919345030585
isolated,1,6,34.50743740748582,34.38406269844341,0.12337470904240888,26.092144218505293,26.092144218505297,-3.552713678800501e-15,25.507747777140537,25.492020486398257,0.015727290742280076
isolated,5,-6,17.407553759230012,17.29305067588315,0.11450308334686099,43.1024441751451,43.1024441751451,0.0,17.395866551098003,17.28166717980533,0.1141993712926741
isolated,5,-5,18.407553759230012,18.29305067588315,0.11450308334686099,41.10244417514511,41.102444175145095,1.4210854715202004e-14,18.384265857793885,18.270367164062126,0.11389869373175898
isolated,5,-4,19.407553759230012,19.29305067588315,0.11450308334686099,39.10244417514511,39.1024441751451,7.105427357601002e-15,19.361211617383116,19.247908147495117,0.11330346988799889
isolated,5,-3,20.407553759230012,20.29305067588315,0.11450308334686099,37.10244417514511,37.1024441751451,7.105427357601002e-15,20.315574859945208,20.20344061868957,0.11213424125563876
isolated,5,-2,21.407553759230016,21.29305067588315,0.11450308334686454,35.1024441751451,35.1024441751451,0.0,21.225925996910565,21.116054015311484,0.10987198159908118
isolated,5,-1,22.407553759230012,22.29305067588315,0.11450308334686099,33.1024441751451,33.1024441751451,0.0,22.052399875873757,21.946779476982165,0.1056203988915918
isolated,5,0,23.407553759230012,23.29305067588315,0.11450308334686099,31.102444175145102,31.1024441751451,3.552713678800501e-15,22.725604996990974,22.62755483700517,0.09805015998580302
isolated,5,1,24.407553759230012,24.29305067588315,0.11450308334686099,29.102444175145106,29.102444175145102,3.552713678800501e-15,23.138959748242563,23.053177125130215,0.08578262311234752
isolated,5,2,25.407553759230016,25.29305067588315,0.11450308334686454,27.102444175145102,27.102444175145102,0.0,23.162536830549072,23.09389064791886,0.06864618263021072
isolated,5,3,26.407553759230012,26.29305067588315,0.11450308334686099,25.102444175145106,25.102444175145102,3.552713678800501e-15,22.69585714865022,22.64677440795238,0.04908274069784113
isolated,5,4,27.407553759230012,27.29305067588315,0.11450308334686099,23.102444175145106,23.102444175145102,3.552713678800501e-15,21.731758043784673,21.700467732189367,0.031290311595306264
isolated,5,5,28.407553759230012,28.29305067588315,0.11450308334686099,21.102444175145102,21.102444175145102,0.0,20.361634770405285,20.34347732166478,0.01815744874050651
isolated,5,6,29.407553759230012,29.29305067588315,0.11450308334686099,19.102444175145106,19.1024441751451,7.105427357601002e-15,18.715385594318025,18.705503615803202,0.009881978514822976
isolated,10,-6,14.703787364573838,14.591125408997808,0.11266195557602998,40.0921442185053,40.09214421850528,1.4210854715202004e-14,14.691246674340325,14.57890540671692,0.11234126762340502
isolated,10,-5,15.703787364573836,15.591125408997808,0.1126619555760282,38.0921442185053,38.09214421850528,1.4210854715202004e-14,15.678801250337791,15.566777343670644,0.11202390666714734
isolated,10,-4,16.703787364573834,16.591125408997808,0.11266195557602643,36.0921442185053,36.09214421850528,1.4210854715202004e-14,16.654075430696647,16.542679414127214,0.11139601656943299
isolated,10,-3,17.703787364573834,17.591125408997808,0.11266195557602643,34.0921442185053,34.09214421850528,1.4210854715202004e-14,17.605157643054277,17.494993630907576,0.11016401214670068
isolated,10,-2,18.703787364573838,18.591125408997808,0.11266195557602998,32.09214421850529,32.09214421850528,7.105427357601002e-15,18.509170073400817,18.40138455630542,0.10778551709539741
isolated,10,-1,19.703787364573838,19.591125408997804,0.11266195557603353,30.092144218505293,30.09214421850528,1.4210854715202004e-14,19.3237651630044,19.220431126553514,0.10333403645088524
isolated,10,0,20.703787364573838,20.591125408997808,0.11266195557602998,28.092144218505297,28.092144218505275,2.1316282072803006e-14,19.975927958535735,19.880460686593434,0.09546727194230087
isolated,10,1,21.703787364573834,21.591125408997808,0.11266195557602643,26.092144218505293,26.092144218505283,1.0658141036401503e-14,20.35547571352894,20.27259740288558,0.08287831064335904
isolated,10,2,22.703787364573834,22.591125408997804,0.11266195557602998,24.09214421850529,24.092144218505283,7.105427357601002e-15,20.332421566173593,20.26680687100766,0.06561469516593377
isolated,10,3,23.703787364573834,23.591125408997804,0.11266195557602998,22.092144218505293,22.092144218505286,7.105427357601002e-15,19.813331903747052,19.766981084740298,0.04635081900675431
isolated,10,4,24.703787364573838,24.59112540899781,0.11266195557602643,20.092144218505293,20.09214421850528,1.4210854715202004e-14,18.80231149430902,18.77308257837619,0.029228915932829835
isolated,10,5,25.703787364573838,25.591125408997804,0.11266195557603353,18.092144218505293,18.092144218505283,1.0658141036401503e-14,17.397998678456933,17.381171857282595,0.016826821174337425
isolated,10,6,26.703787364573834,26.591125408997808,0.11266195557602643,16.092144218505293,16.09214421850528,1.4210854715202004e-14,15.730395487036738,15.721283193977662,0.009112293059075682
isolated,20,-6,11.855268895052014,11.743632659379061,0.11163623567295211,37.08184426186548,37.081844261865456,2.1316282072803006e-14,11.842252946758807,11.730946543010333,0.11130640374847367
isolated,20,-5,12.855268895052014,12.743632659379067,0.11163623567294678,35.081844261865484,35.08184426186545,3.552713678800501e-14,12.829337281028659,12.71835721696971,0.110980064058948
isolated,20,-4,13.855268895052014,13.74363265937906,0.11163623567295389,33.081844261865484,33.081844261865456,2.842170943040401e-14,13.803681352012758,13.6933467360522,0.11033461596055716
isolated,20,-3,14.855268895052012,14.743632659379065,0.11163623567294678,31.081844261865484,31.081844261865452,3.197442310920451e-14,14.752939534476436,14.643870578662778,0.10906895581365816
isolated,20,-2,15.855268895052014,15.743632659379065,0.11163623567294856,29.081844261865477,29.08184426186545,2.842170943040401e-14,15.653434139146363,15.546805677013563,0.1066284621328002
isolated,20,-1,16.855268895052014,16.743632659379063,0.11163623567295033,27.08184426186548,27.081844261865452,2.842170943040401e-14,16.46145824192655,16.359386783889352,0.10207145803719797
isolated,20,0,17.855268895052014,17.743632659379067,0.11163623567294678,25.081844261865484,25.08184426186545,3.552713678800501e-14,17.102049284304442,17.00799774075344,0.09405154355100365
isolated,20,1,18.855268895052014,18.743632659379067,0.11163623567294678,23.08184426186548,23.081844261865456,2.4868995751603507e-14,17.46318631412072,17.381880971382554,0.08130534273816536
isolated,20,2,19.855268895052014,19.743632659379063,0.11163623567295033,21.081844261865477,21.081844261865456,2.1316282072803006e-14,17.415097161141137,17.351097471961292,0.06399968917984467
isolated,20,3,20.855268895052014,20.743632659379063,0.11163623567295033,19.08184426186548,19.081844261865456,2.4868995751603507e-14,16.86835725791613,16.82343518906852,0.04492206884761174
isolated,20,4,21.855268895052014,21.743632659379067,0.11163623567294678,17.08184426186548,17.081844261865452,2.842170943040401e-14,15.833009811658027,15.804841302816799,0.02816850884122779
isolated,20,5,22.855268895052014,22.74363265937906,0.11163623567295389,15.08184426186548,15.081844261865456,2.4868995751603507e-14,14.411220032891219,14.395069521058696,0.016150511832522696
isolated,20,6,23.855268895052014,23.743632659379067,0.11163623567294678,13.08184426186548,13.081844261865452,2.842170943040401e-14,12.732805983697897,12.724081969022665,0.008724014675232539
isolated,40,-6,8.928177264668072,8.817083749451044,0.11109351521702848,34.071544305225665,34.07154430522561,5.684341886080802e-14,8.914909918186558,8.804150982343385,0.11075893584317242
isolated,40,-5,9.92817726466807,9.81708374945105,0.1110935152170196,32.07154430522567,32.07154430522561,6.394884621840902e-14,9.901745549162515,9.79131761243353,0.11042793672898377
isolated,40,-4,10.92817726466807,10.81708374945104,0.11109351521703026,30.07154430522567,30.07154430522561,6.039613253960852e-14,10.875597821473708,10.765824437867487,0.10977338360622113
isolated,40,-3,11.928177264668069,11.817083749451045,0.11109351521702315,28.07154430522567,28.071544305225608,6.394884621840902e-14,11.823892008923737,11.715401713266502,0.10849029565723534
isolated,40,-2,12.92817726466807,12.81708374945105,0.1110935152170196,26.071544305225668,26.0715443052256,6.750155989720952e-14,12.7225291984021,12.616511408659171,0.10601778974292841
isolated,40,-1,13.928177264668072,13.81708374945104,0.11109351521703204,24.071544305225668,24.071544305225604,6.394884621840902e-14,13.527089963659567,13.425683345724714,0.1014066179348525
isolated,40,0,14.92817726466807,14.817083749451045,0.11109351521702493,22.07154430522567,22.071544305225604,6.750155989720952e-14,14.161601347905368,14.068292285086715,0.09330906281865303
isolated,40,1,15.92817726466807,15.81708374945105,0.1110935152170196,20.071544305225668,20.071544305225608,6.039613253960852e-14,14.513116345026653,14.432630661932876,0.08048568309377657
isolated,40,2,16.928177264668072,16.81708374945104,0.11109351521703204,18.071544305225668,18.071544305225608,6.039613253960852e-14,14.452042214813616,14.388876761122235,0.06316545369138105
isolated,40,3,17.928177264668072,17.817083749451044,0.11109351521702848,16.071544305225668,16.07154430522561,5.684341886080802e-14,13.89109216693688,13.846901018852002,0.04419114808487912
isolated,40,4,18.928177264668072,18.81708374945105,0.11109351521702138,14.07154430522567,14.071544305225604,6.572520305780927e-14,12.843355048383863,12.815724421392446,0.027630626991417273
isolated,40,5,19.928177264668072,19.81708374945104,0.11109351521703204,12.071544305225668,12.07154430522561,5.861977570020827e-14,11.412728676544328,11.396919121424693,0.015809555119634666
isolated,40,6,20.92817726466807,20.817083749451047,0.11109351521702138,10.071544305225668,10.071544305225604,6.394884621840902e-14,9.728875230815202,9.720346223205746,0.008529007609455519
full,1,-6,22.50743740748582,22.384062698443405,0.12337470904241599,43.23997160412034,43.41648791585754,-0.1765163117371955,22.470902931113784,22.34995633971744,0.12094659139634345
full,1,-5,23.50743740748582,23.384062698443408,0.12337470904241243,41.23997160412034,41.416487915857545,-0.1765163117372026,23.434844168581456,23.31627544802434,0.11856872055711776
full,1,-4,24.507437407485817,24.3840626984434,0.12337470904241599,39.23997160412034,39.416487915857545,-0.1765163117372026,24.363779935905846,24.24984383314017,0.11393610276567756
full,1,-3,25.507437407485817,25.384062698443405,0.12337470904241243,37.23997160412034,37.41648791585754,-0.1765163117371955,25.22537107883574,25.120256666695564,0.1051144121401748
full,1,-2,26.507437407485817,26.384062698443405,0.12337470904241243,35.23997160412034,35.41648791585754,-0.1765163117371955,25.961729999151007,25.87270693057072,0.08902306858028908
full,1,-1,27.50743740748582,27.384062698443405,0.12337470904241599,33.239971604120335,33.41648791585754,-0.1765163117372026,26.479175255480026,26.417325054684653,0.061850200795372956
full,1,0,28.50743740748582,28.384062698443408,0.12337470904241243,31.239971604120335,31.416487915857537,-0.1765163117372026,26.651948506962782,26.630512677710357,0.021435829252425265
full,1,1,29.50743740748582,29.3840626984434,0.12337470904241954,29.23997160412034,29.41648791585754,-0.1765163117372026,26.36134584659452,26.389945089008208,-0.028599242413687165
full,1,2,30.507437407485824,30.384062698443405,0.12337470904241954,27.239971604120335,27.416487915857537,-0.1765163117372026,25.563100258666193,25.641286847113143,-0.07818658844695037
full,1,3,31.507437407485817,31.384062698443405,0.12337470904241243,25.23997160412034,25.41648791585754,-0.1765163117372026,24.319134793292317,24.436730840366874,-0.11759604707455651
full,1,4,32.50743740748582,32.38406269844341,0.12337470904240888,23.23997160412034,23.416487915857537,-0.17651631173719906,22.754104057096463,22.897880800239072,-0.14377674314260958
full,1,5,33.507437407485824,33.38406269844341,0.12337470904241599,21.239971604120335,21.416487915857537,-0.1765163117372026,20.989670609555308,21.148832919997986,-0.15916231044267803
full,1,6,34.50743740748582,34.38406269844341,0.12337470904240888,19.23997160412034,19.416487915857537,-0.17651631173719906,19.112721054116136,19.280281145482657,-0.1675600913665214
full,5,-6,17.407553759230012,17.29305067588315,0.11450308334686099,36.25027156076015,36.42678787249734,-0.1765163117371955,17.351229785296095,17.240355221365288,0.11087456393080686
full,5,-5,18.407553759230012,18.29305067588315,0.11450308334686099,34.250271560760154,34.42678787249734,-0.1765163117371884,18.295888696279107,18.188536689594137,0.10735200668496958
full,5,-4,19.407553759230012,19.29305067588315,0.11450308334686099,32.250271560760154,32.42678787249734,-0.1765163117371884,19.187532312861208,19.086956771672845,0.10057554118836265
full,5,-3,20.407553759230012,20.29305067588315,0.11450308334686099,30.250271560760154,30.426787872497346,-0.17651631173719196,19.97909081368185,19.89111299518982,0.0879778184920319
full,5,-2,21.407553759230016,21.29305067588315,0.11450308334686454,28.250271560760147,28.426787872497346,-0.17651631173719906,20.590896206785295,20.5249151040927,0.0659811026925965
full,5,-1,22.407553759230012,22.29305067588315,0.11450308334686099,26.25027156076015,26.426787872497343,-0.17651631173719196,20.906780406697635,20.875309822660068,0.031470584037567306
full,5,0,23.407553759230012,23.29305067588315,0.11450308334686099,24.250271560760147,24.426787872497343,-0.1765163117371955,20.79820426080801,20.81272825700438,-0.014523996196370348
full,5,1,24.407553759230012,24.29305067588315,0.11450308334686099,22.25027156076015,22.426787872497343,-0.17651631173719196,20.18601854725961,20.250134296480983,-0.0641157492213722
full,5,2,25.407553759230016,25.29305067588315,0.11450308334686454,20.250271560760147,20.426787872497343,-0.1765163117371955,19.094232021352436,19.20096875634441,-0.10673673499197278
full,5,3,26.407553759230012,26.29305067588315,0.11450308334686099,18.25027156076015,18.426787872497346,-0.1765163117371955,17.63253511967462,17.769326374851865,-0.13679125517724344
full,5,4,27.407553759230012,27.29305067588315,0.11450308334686099,16.25027156076015,16.426787872497343,-0.17651631173719196,15.929697202606581,16.08484866577163,-0.15515146316504946
full,5,5,28.407553759230012,28.29305067588315,0.11450308334686099,14.250271560760151,14.426787872497346,-0.1765163117371955,14.086646747200685,14.252048107035902,-0.16540135983521687
full,5,6,29.407553759230012,29.29305067588315,0.11450308334686099,12.25027156076015,12.426787872497345,-0.1765163117371955,12.167494374816128,12.338331786299701,-0.17083741148357312
full,10,-6,14.703787364573838,14.591125408997808,0.11266195557602998,33.239971604120335,33.41648791585753,-0.1765163117371955,14.64337279894837,14.534577364573607,0.10879543437476258
full,10,-5,15.703787364573836,15.591125408997808,0.1126619555760282,31.239971604120342,31.416487915857523,-0.1765163117371813,15.584067520059703,15.47901893856672,0.10504858149298357
full,10,-4,16.703787364573834,16.591125408997808,0.11266195557602643,29.23997160412034,29.416487915857527,-0.1765163117371884,16.46810426467112,16.370244982393736,0.09785928227738339
full,10,-3,17.703787364573834,17.591125408997808,0.11266195557602643,27.239971604120342,27.416487915857527,-0.17651631173718485,17.24558796976006,17.161029034317984,0.08455893544207527
full,10,-2,18.703787364573838,18.591125408997808,0.11266195557602998,25.239971604120335,25.416487915857523,-0.1765163117371884,17.833023343764395,17.771487875501656,0.06153546826273981
full,10,-1,19.703787364573838,19.591125408997804,0.11266195557603353,23.23997160412034,23.416487915857523,-0.17651631173718485,18.11119205332926,18.085274006113178,0.02591804721608071
full,10,0,20.703787364573838,20.591125408997808,0.11266195557602998,21.239971604120335,21.41648791585752,-0.17651631173718485,17.953310048519683,17.973928960149145,-0.02061891162946239
full,10,1,21.703787364573834,21.591125408997808,0.11266195557602643,19.23997160412034,19.416487915857527,-0.1765163117371884,17.28915367191034,17.358792410355935,-0.06963873844559387
full,10,2,22.703787364573834,22.591125408997804,0.11266195557602998,17.239971604120335,17.416487915857523,-0.1765163117371884,16.15365745118621,16.264498188022966,-0.11084073683675655
full,10,3,23.703787364573834,23.591125408997804,0.11266195557602998,15.239971604120338,15.416487915857529,-0.17651631173719018,14.661654481383808,14.801048562075712,-0.13939408069190407
full,10,4,24.703787364573838,24.59112540899781,0.11266195557602643,13.239971604120338,13.416487915857523,-0.17651631173718485,12.940508351215524,13.097146209723423,-0.15663785850789935
full,10,5,25.703787364573838,25.591125408997804,0.11266195557603353,11.239971604120338,11.416487915857525,-0.17651631173718663,11.087303964129154,11.253503582689959,-0.166199618560805
full,10,6,26.703787364573834,26.591125408997808,0.11266195557602643,9.239971604120337,9.416487915857523,-0.17651631173718663,9.1627857478145,9.334037750376105,-0.1712520025616051
full,20,-6,11.855268895052014,11.743632659379061,0.11163623567295211,30.229671647480526,30.406187959217696,-0.17651631173717064,11.792577820816373,11.684939052905921,0.10763876791045135
full,20,-5,12.855268895052014,12.743632659379067,0.11163623567294678,28.22967164748053,28.406187959217696,-0.1765163117371671,12.731069560181378,12.627300658601989,0.10376890157938945
full,20,-4,13.855268895052014,13.74363265937906,0.11163623567295389,26.229671647480526,26.406187959217696,-0.17651631173717064,13.61088775716852,13.514533513960634,0.09635424320788566
full,20,-3,14.855268895052012,14.743632659379065,0.11163623567294678,24.22967164748053,24.406187959217696,-0.1765163117371671,14.380596196005742,14.297922341428528,0.0826738545772141
full,20,-2,15.855268895052014,15.743632659379065,0.11163623567294856,22.229671647480526,22.406187959217696,-0.17651631173717064,14.954661004614094,14.895555971512271,0.05910503310182236
full,20,-1,16.855268895052014,16.743632659379063,0.11163623567295033,20.229671647480526,20.406187959217696,-0.17651631173717064,15.212364412207442,15.189442126796347,0.02292228541109509
full,20,0,17.855268895052014,17.743632659379067,0.11163623567294678,18.229671647480526,18.406187959217696,-0.17651631173717064,15.028136932908748,15.051987740063046,-0.023850807154298437
full,20,1,18.855268895052014,18.743632659379067,0.11163623567294678,16.229671647480526,16.406187959217696,-0.17651631173717064,14.336702027849185,14.40921612796082,-0.0725141001116345
full,20,2,19.855268895052014,19.743632659379063,0.11163623567295033,14.229671647480524,14.406187959217696,-0.17651631173717242,13.178644517880183,13.291588980796913,-0.11294446291672955
full,20,3,20.855268895052014,20.743632659379063,0.11163623567295033,12.229671647480526,12.4061879592177,-0.1765163117371742,11.671199173925649,11.81191314418754,-0.14071397026189203
full,20,4,21.855268895052014,21.743632659379067,0.11163623567294678,10.229671647480526,10.406187959217695,-0.17651631173716886,9.940802555327217,10.098189249688946,-0.1573866943617297
full,20,5,22.855268895052014,22.74363265937906,0.11163623567295389,8.229671647480526,8.4061879592177,-0.1765163117371742,8.082492978524328,8.249093296069406,-0.1666003175450772
full,20,6,23.855268895052014,23.743632659379067,0.11163623567294678,6.229671647480525,6.406187959217693,-0.17651631173716797,6.155284157774362,6.32674387159636,-0.17145971382199754
full,40,-6,8.928177264668072,8.817083749451044,0.11109351521702848,27.219371690840713,27.395888002577852,-0.17651631173713866,8.864282362905717,8.757255124628717,0.10702723827700034
full,40,-5,9.92817726466807,9.81708374945105,0.1110935152170196,25.219371690840717,25.39588800257785,-0.17651631173713156,9.801610074065866,9.69851722960834,0.10309284445752631
full,40,-4,10.92817726466807,10.81708374945104,0.11109351521703026,23.219371690840713,23.395888002577856,-0.17651631173714222,10.679201759429269,10.583641483256061,0.09556027617320773
full,40,-3,11.928177264668069,11.817083749451045,0.11109351521702315,21.219371690840717,21.395888002577852,-0.1765163117371351,11.444815126286795,11.363133077279894,0.08168204900690057
full,40,-2,12.92817726466807,12.81708374945105,0.1110935152170196,19.219371690840713,19.39588800257785,-0.1765163117371351,12.011864036596851,11.954031871217321,0.057832165379529954
full,40,-1,13.928177264668072,13.81708374945104,0.11109351521703204,17.219371690840713,17.395888002577852,-0.17651631173713866,12.258892257220847,12.237527855332559,0.021364401888288143
full,40,0,14.92817726466807,14.817083749451045,0.11109351521702493,15.219371690840715,15.395888002577848,-0.17651631173713334,12.061034405064285,12.086550558739068,-0.02551615367478277
full,40,1,15.92817726466807,15.81708374945105,0.1110935152170196,13.219371690840713,13.395888002577848,-0.1765163117371351,11.35561777090617,11.42959939779498,-0.07398162688881094
full,40,2,16.928177264668072,16.81708374945104,0.11109351521703204,11.219371690840713,11.395888002577852,-0.17651631173713866,10.186096175540552,10.300105814787756,-0.11400963924720386
full,40,3,17.928177264668072,17.817083749451044,0.11109351521702848,9.219371690840715,9.395888002577852,-0.1765163117371369,8.670855650086867,8.812234261056451,-0.14137861096958382
full,40,4,18.928177264668072,18.81708374945105,0.11109351521702138,7.219371690840713,7.395888002577847,-0.17651631173713334,6.935809386106342,7.093571920436817,-0.15776253433047494
full,40,5,19.928177264668072,19.81708374945104,0.11109351521703204,5.219371690840714,5.395888002577855,-0.17651631173714044,5.074940111125913,5.241741172370774,-0.16680106124486116
full,40,6,20.92817726466807,20.817083749451047,0.11109351521702138,3.219371690840713,3.395888002577852,-0.1765163117371391,3.1463840608954023,3.3179477345212782,-0.17156367362587588
