load,spans,power_dbm,snr_ase_db,snr_nli_db,snr_db
isolated,1,-6,22.384062698443405,50.0921442185053,22.37670726388906
isolated,1,-5,23.384062698443408,48.0921442185053,23.369399025374094
isolated,1,-4,24.3840626984434,46.092144218505304,24.35485381896096
isolated,1,-3,25.384062698443405,44.0921442185053,25.32597707685264
isolated,1,-2,26.384062698443405,42.0921442185053,26.26892787476319
isolated,1,-1,27.384062698443405,40.0921442185053,27.157291313076417
isolated,1,0,28.384062698443408,38.0921442185053,27.94277196732736
isolated,1,1,29.3840626984434,36.0921442185053,28.54402730708754
isolated,1,2,30.384062698443405,34.0921442185053,28.843517833647134
isolated,1,3,31.384062698443405,32.0921442185053,28.713388597044165
isolated,1,4,32.38406269844341,30.092144218505293,28.078335719724755
isolated,1,5,33.38406269844341,28.092144218505297,26.967198153828456
isolated,1,6,34.38406269844341,26.092144218505297,25.492020486398257
isolated,5,-6,17.29305067588315,43.1024441751451,17.28166717980533
isolated,5,-5,18.29305067588315,41.102444175145095,18.270367164062126
isolated,5,-4,19.29305067588315,39.1024441751451,19.247908147495117
isolated,5,-3,20.29305067588315,37.1024441751451,20.20344061868957
isolated,5,-2,21.29305067588315,35.1024441751451,21.116054015311484
isolated,5,-1,22.29305067588315,33.1024441751451,21.946779476982165
isolated,5,0,23.29305067588315,31.1024441751451,22.62755483700517
isolated,5,1,24.29305067588315,29.102444175145102,23.053177125130215
isolated,5,2,25.29305067588315,27.102444175145102,23.09389064791886
isolated,5,3,26.29305067588315,25.102444175145102,22.64677440795238
isolated,5,4,27.29305067588315,23.102444175145102,21.700467732189367
isolated,5,5,28.29305067588315,21.102444175145102,20.34347732166478
isolated,5,6,29.29305067588315,19.1024441751451,18.705503615803202
isolated,10,-6,14.591125408997808,40.09214421850528,14.57890540671692
isolated,10,-5,15.591125408997808,38.09214421850528,15.566777343670644
isolated,10,-4,16.591125408997808,36.09214421850528,16.542679414127214
isolated,10,-3,17.591125408997808,34.09214421850528,17.494993630907576
isolated,10,-2,18.591125408997808,32.09214421850528,18.40138455630542
isolated,10,-1,19.591125408997804,30.09214421850528,19.220431126553514
isolated,10,0,20.591125408997808,28.092144218505275,19.880460686593434
isolated,10,1,21.591125408997808,26.092144218505283,20.27259740288558
isolated,10,2,22.591125408997804,24.092144218505283,20.26680687100766
isolated,10,3,23.591125408997804,22.092144218505286,19.766981084740298
isolated,10,4,24.59112540899781,20.09214421850528,18.77308257837619
isolated,10,5,25.591125408997804,18.092144218505283,17.381171857282595
isolated,10,6,26.591125408997808,16.09214421850528,15.721283193977662
isolated,20,-6,11.743632659379061,37.081844261865456,11.730946543010333
isolated,20,-5,12.743632659379067,35.08184426186545,12.71835721696971
isolated,20,-4,13.74363265937906,33.081844261865456,13.6933467360522
isolated,20,-3,14.743632659379065,31.081844261865452,14.643870578662778
isolated,20,-2,15.743632659379065,29.08184426186545,15.546805677013563
isolated,20,-1,16.743632659379063,27.081844261865452,16.359386783889352
isolated,20,0,17.743632659379067,25.08184426186545,17.00799774075344
isolated,20,1,18.743632659379067,23.081844261865456,17.381880971382554
isolated,20,2,19.743632659379063,21.081844261865456,17.351097471961292
isolated,20,3,20.743632659379063,19.081844261865456,16.82343518906852
isolated,20,4,21.743632659379067,17.081844261865452,15.804841302816799
isolated,20,5,22.74363265937906,15.081844261865456,14.395069521058696
isolated,20,6,23.743632659379067,13.081844261865452,12.724081969022665
isolated,40,-6,8.817083749451044,34.07154430522561,8.804150982343385
isolated,40,-5,9.81708374945105,32.07154430522561,9.79131761243353
isolated,40,-4,10.81708374945104,30.07154430522561,10.765824437867487
isolated,40,-3,11.817083749451045,28.071544305225608,11.715401713266502
isolated,40,-2,12.81708374945105,26.0715443052256,12.616511408659171
isolated,40,-1,13.81708374945104,24.071544305225604,13.425683345724714
isolated,40,0,14.817083749451045,22.071544305225604,14.068292285086715
isolated,40,1,15.81708374945105,20.071544305225608,14.432630661932876
isolated,40,2,16.81708374945104,18.071544305225608,14.388876761122235
isolated,40,3,17.817083749451044,16.07154430522561,13.846901018852002
isolated,40,4,18.81708374945105,14.071544305225604,12.815724421392446
isolated,40,5,19.81708374945104,12.07154430522561,11.396919121424693
isolated,40,6,20.817083749451047,10.071544305225604,9.720346223205746
full,1,-6,22.384062698443405,43.41648791585754,22.34995633971744
full,1,-5,23.384062698443408,41.416487915857545,23.31627544802434
full,1,-4,24.3840626984434,39.416487915857545,24.24984383314017
full,1,-3,25.384062698443405,37.41648791585754,25.120256666695564
full,1,-2,26.384062698443405,35.41648791585754,25.87270693057072
full,1,-1,27.384062698443405,33.41648791585754,26.417325054684653
full,1,0,28.384062698443408,31.416487915857537,26.630512677710357
full,1,1,29.3840626984434,29.41648791585754,26.389945089008208
full,1,2,30.384062698443405,27.416487915857537,25.641286847113143
full,1,3,31.384062698443405,25.41648791585754,24.436730840366874
full,1,4,32.38406269844341,23.416487915857537,22.897880800239072
full,1,5,33.38406269844341,21.416487915857537,21.148832919997986
full,1,6,34.38406269844341,19.416487915857537,19.280281145482657
full,5,-6,17.29305067588315,36.42678787249734,17.240355221365288
full,5,-5,18.29305067588315,34.42678787249734,18.188536689594137
full,5,-4,19.29305067588315,32.42678787249734,19.086956771672845
full,5,-3,20.29305067588315,30.426787872497346,19.89111299518982
full,5,-2,21.29305067588315,28.426787872497346,20.5249151040927
full,5,-1,22.29305067588315,26.426787872497343,20.875309822660068
full,5,0,23.29305067588315,24.426787872497343,20.81272825700438
full,5,1,24.29305067588315,22.426787872497343,20.250134296480983
full,5,2,25.29305067588315,20.426787872497343,19.20096875634441
full,5,3,26.29305067588315,18.426787872497346,17.769326374851865
full,5,4,27.29305067588315,16.426787872497343,16.08484866577163
full,5,5,28.29305067588315,14.426787872497346,14.252048107035902
full,5,6,29.29305067588315,12.426787872497345,12.338331786299701
full,10,-6,14.591125408997808,33.41648791585753,14.534577364573607
full,10,-5,15.591125408997808,31.416487915857523,15.47901893856672
full,10,-4,16.591125408997808,29.416487915857527,16.370244982393736
full,10,-3,17.591125408997808,27.416487915857527,17.161029034317984
full,10,-2,18.591125408997808,25.416487915857523,17.771487875501656
full,10,-1,19.591125408997804,23.416487915857523,18.085274006113178
full,10,0,20.591125408997808,21.41648791585752,17.973928960149145
full,10,1,21.591125408997808,19.416487915857527,17.358792410355935
full,10,2,22.591125408997804,17.416487915857523,16.264498188022966
full,10,3,23.591125408997804,15.416487915857529,14.801048562075712
full,10,4,24.59112540899781,13.416487915857523,13.097146209723423
full,10,5,25.591125408997804,11.416487915857525,11.253503582689959
full,10,6,26.591125408997808,9.416487915857523,9.334037750376105
full,20,-6,11.743632659379061,30.406187959217696,11.684939052905921
full,20,-5,12.743632659379067,28.406187959217696,12.627300658601989
full,20,-4,13.74363265937906,26.406187959217696,13.514533513960634
full,20,-3,14.743632659379065,24.406187959217696,14.297922341428528
full,20,-2,15.743632659379065,22.406187959217696,14.895555971512271
full,20,-1,16.743632659379063,20.406187959217696,15.189442126796347
full,20,0,17.743632659379067,18.406187959217696,15.051987740063046
full,20,1,18.743632659379067,16.406187959217696,14.40921612796082
full,20,2,19.743632659379063,14.406187959217696,13.291588980796913
full,20,3,20.743632659379063,12.4061879592177,11.81191314418754
full,20,4,21.743632659379067,10.406187959217695,10.098189249688946
full,20,5,22.74363265937906,8.4061879592177,8.249093296069406
full,20,6,23.743632659379067,6.406187959217693,6.32674387159636
full,40,-6,8.817083749451044,27.395888002577852,8.757255124628717
full,40,-5,9.81708374945105,25.39588800257785,9.69851722960834
full,40,-4,10.81708374945104,23.395888002577856,10.583641483256061
full,40,-3,11.817083749451045,21.395888002577852,11.363133077279894
full,40,-2,12.81708374945105,19.39588800257785,11.954031871217321
full,40,-1,13.81708374945104,17.395888002577852,12.237527855332559
full,40,0,14.817083749451045,15.395888002577848,12.086550558739068
full,40,1,15.81708374945105,13.395888002577848,11.42959939779498
full,40,2,16.81708374945104,11.395888002577852,10.300105814787756
full,40,3,17.817083749451044,9.395888002577852,8.812234261056451
full,40,4,18.81708374945105,7.395888002577847,7.093571920436817
full,40,5,19.81708374945104,5.395888002577855,5.241741172370774
full,40,6,20.817083749451047,3.395888002577852,3.3179477345212782
