load,spans,power_dbm,snr_ase_db,snr_nli_db,snr_db
isolated,1,-6,22.50743740748582,50.0921442185053,22.49987020743706
isolated,1,-5,23.50743740748582,48.0921442185053,23.49235192733125
isolated,1,-4,24.507437407485817,46.0921442185053,24.477389766476495
isolated,1,-3,25.507437407485817,44.09214421850529,25.447689484962748
isolated,1,-2,26.507437407485817,42.09214421850529,26.389029748180228
isolated,1,-1,27.50743740748582,40.09214421850529,27.274303840803483
isolated,1,0,28.50743740748582,38.09214421850529,28.054072197623576
isolated,1,1,29.50743740748582,36.0921442185053,28.645448723715607
isolated,1,2,30.507437407485824,34.09214421850529,28.929680380498368
isolated,1,3,31.507437407485817,32.0921442185053,28.779658122724854
isolated,1,4,32.50743740748582,30.092144218505293,28.12370541070524
isolated,1,5,33.507437407485824,28.09214421850529,26.995045073173486
isolated,1,6,34.50743740748582,26.092144218505293,25.507747777140537
isolated,5,-6,17.407553759230012,43.1024441751451,17.395866551098003
isolated,5,-5,18.407553759230012,41.10244417514511,18.384265857793885
isolated,5,-4,19.407553759230012,39.10244417514511,19.361211617383116
isolated,5,-3,20.407553759230012,37.10244417514511,20.315574859945208
isolated,5,-2,21.407553759230016,35.1024441751451,21.225925996910565
isolated,5,-1,22.407553759230012,33.1024441751451,22.052399875873757
isolated,5,0,23.407553759230012,31.102444175145102,22.725604996990974
isolated,5,1,24.407553759230012,29.102444175145106,23.138959748242563
isolated,5,2,25.407553759230016,27.102444175145102,23.162536830549072
isolated,5,3,26.407553759230012,25.102444175145106,22.69585714865022
isolated,5,4,27.407553759230012,23.102444175145106,21.731758043784673
isolated,5,5,28.407553759230012,21.102444175145102,20.361634770405285
isolated,5,6,29.407553759230012,19.102444175145106,18.715385594318025
isolated,10,-6,14.703787364573838,40.0921442185053,14.691246674340325
isolated,10,-5,15.703787364573836,38.0921442185053,15.678801250337791
isolated,10,-4,16.703787364573834,36.0921442185053,16.654075430696647
isolated,10,-3,17.703787364573834,34.0921442185053,17.605157643054277
isolated,10,-2,18.703787364573838,32.09214421850529,18.509170073400817
isolated,10,-1,19.703787364573838,30.092144218505293,19.3237651630044
isolated,10,0,20.703787364573838,28.092144218505297,19.975927958535735
isolated,10,1,21.703787364573834,26.092144218505293,20.35547571352894
isolated,10,2,22.703787364573834,24.09214421850529,20.332421566173593
isolated,10,3,23.703787364573834,22.092144218505293,19.813331903747052
isolated,10,4,24.703787364573838,20.092144218505293,18.80231149430902
isolated,10,5,25.703787364573838,18.092144218505293,17.397998678456933
isolated,10,6,26.703787364573834,16.092144218505293,15.730395487036738
isolated,20,-6,11.855268895052014,37.08184426186548,11.842252946758807
isolated,20,-5,12.855268895052014,35.081844261865484,12.829337281028659
isolated,20,-4,13.855268895052014,33.081844261865484,13.803681352012758
isolated,20,-3,14.855268895052012,31.081844261865484,14.752939534476436
isolated,20,-2,15.855268895052014,29.081844261865477,15.653434139146363
isolated,20,-1,16.855268895052014,27.08184426186548,16.46145824192655
isolated,20,0,17.855268895052014,25.081844261865484,17.102049284304442
isolated,20,1,18.855268895052014,23.08184426186548,17.46318631412072
isolated,20,2,19.855268895052014,21.081844261865477,17.415097161141137
isolated,20,3,20.855268895052014,19.08184426186548,16.86835725791613
isolated,20,4,21.855268895052014,17.08184426186548,15.833009811658027
isolated,20,5,22.855268895052014,15.08184426186548,14.411220032891219
isolated,20,6,23.855268895052014,13.08184426186548,12.732805983697897
isolated,40,-6,8.928177264668072,34.071544305225665,8.914909918186558
isolated,40,-5,9.92817726466807,32.07154430522567,9.901745549162515
isolated,40,-4,10.92817726466807,30.07154430522567,10.875597821473708
isolated,40,-3,11.928177264668069,28.07154430522567,11.823892008923737
isolated,40,-2,12.92817726466807,26.071544305225668,12.7225291984021
isolated,40,-1,13.928177264668072,24.071544305225668,13.527089963659567
isolated,40,0,14.92817726466807,22.07154430522567,14.161601347905368
isolated,40,1,15.92817726466807,20.071544305225668,14.513116345026653
isolated,40,2,16.928177264668072,18.071544305225668,14.452042214813616
isolated,40,3,17.928177264668072,16.071544305225668,13.89109216693688
isolated,40,4,18.928177264668072,14.07154430522567,12.843355048383863
isolated,40,5,19.928177264668072,12.071544305225668,11.412728676544328
isolated,40,6,20.92817726466807,10.071544305225668,9.728875230815202
full,1,-6,22.50743740748582,43.23997160412034,22.470902931113784
full,1,-5,23.50743740748582,41.23997160412034,23.434844168581456
full,1,-4,24.507437407485817,39.23997160412034,24.363779935905846
full,1,-3,25.507437407485817,37.23997160412034,25.22537107883574
full,1,-2,26.507437407485817,35.23997160412034,25.961729999151007
full,1,-1,27.50743740748582,33.239971604120335,26.479175255480026
full,1,0,28.50743740748582,31.239971604120335,26.651948506962782
full,1,1,29.50743740748582,29.23997160412034,26.36134584659452
full,1,2,30.507437407485824,27.239971604120335,25.563100258666193
full,1,3,31.507437407485817,25.23997160412034,24.319134793292317
full,1,4,32.50743740748582,23.23997160412034,22.754104057096463
full,1,5,33.507437407485824,21.239971604120335,20.989670609555308
full,1,6,34.50743740748582,19.23997160412034,19.112721054116136
full,5,-6,17.407553759230012,36.25027156076015,17.351229785296095
full,5,-5,18.407553759230012,34.250271560760154,18.295888696279107
full,5,-4,19.407553759230012,32.250271560760154,19.187532312861208
full,5,-3,20.407553759230012,30.250271560760154,19.97909081368185
full,5,-2,21.407553759230016,28.250271560760147,20.590896206785295
full,5,-1,22.407553759230012,26.25027156076015,20.906780406697635
full,5,0,23.407553759230012,24.250271560760147,20.79820426080801
full,5,1,24.407553759230012,22.25027156076015,20.18601854725961
full,5,2,25.407553759230016,20.250271560760147,19.094232021352436
full,5,3,26.407553759230012,18.25027156076015,17.63253511967462
full,5,4,27.407553759230012,16.25027156076015,15.929697202606581
full,5,5,28.407553759230012,14.250271560760151,14.086646747200685
full,5,6,29.407553759230012,12.25027156076015,12.167494374816128
full,10,-6,14.703787364573838,33.239971604120335,14.64337279894837
full,10,-5,15.703787364573836,31.239971604120342,15.584067520059703
full,10,-4,16.703787364573834,29.23997160412034,16.46810426467112
full,10,-3,17.703787364573834,27.239971604120342,17.24558796976006
full,10,-2,18.703787364573838,25.239971604120335,17.833023343764395
full,10,-1,19.703787364573838,23.23997160412034,18.11119205332926
full,10,0,20.703787364573838,21.239971604120335,17.953310048519683
full,10,1,21.703787364573834,19.23997160412034,17.28915367191034
full,10,2,22.703787364573834,17.239971604120335,16.15365745118621
full,10,3,23.703787364573834,15.239971604120338,14.661654481383808
full,10,4,24.703787364573838,13.239971604120338,12.940508351215524
full,10,5,25.703787364573838,11.239971604120338,11.087303964129154
full,10,6,26.703787364573834,9.239971604120337,9.1627857478145
full,20,-6,11.855268895052014,30.229671647480526,11.792577820816373
full,20,-5,12.855268895052014,28.22967164748053,12.731069560181378
full,20,-4,13.855268895052014,26.229671647480526,13.61088775716852
full,20,-3,14.855268895052012,24.22967164748053,14.380596196005742
full,20,-2,15.855268895052014,22.229671647480526,14.954661004614094
full,20,-1,16.855268895052014,20.229671647480526,15.212364412207442
full,20,0,17.855268895052014,18.229671647480526,15.028136932908748
full,20,1,18.855268895052014,16.229671647480526,14.336702027849185
full,20,2,19.855268895052014,14.229671647480524,13.178644517880183
full,20,3,20.855268895052014,12.229671647480526,11.671199173925649
full,20,4,21.855268895052014,10.229671647480526,9.940802555327217
full,20,5,22.855268895052014,8.229671647480526,8.082492978524328
full,20,6,23.855268895052014,6.229671647480525,6.155284157774362
full,40,-6,8.928177264668072,27.219371690840713,8.864282362905717
full,40,-5,9.92817726466807,25.219371690840717,9.801610074065866
full,40,-4,10.92817726466807,23.219371690840713,10.679201759429269
full,40,-3,11.928177264668069,21.219371690840717,11.444815126286795
full,40,-2,12.92817726466807,19.219371690840713,12.011864036596851
full,40,-1,13.928177264668072,17.219371690840713,12.258892257220847
full,40,0,14.92817726466807,15.219371690840715,12.061034405064285
full,40,1,15.92817726466807,13.219371690840713,11.35561777090617
full,40,2,16.928177264668072,11.219371690840713,10.186096175540552
full,40,3,17.928177264668072,9.219371690840715,8.670855650086867
full,40,4,18.928177264668072,7.219371690840713,6.935809386106342
full,40,5,19.928177264668072,5.219371690840714,5.074940111125913
full,40,6,20.92817726466807,3.219371690840713,3.1463840608954023
