slots,load_per_direction,rep,bp,utilization
1,0.001001001001001001,0,0.00107,9.97069381646233E-4
1,0.001001001001001001,1,9.45E-4,9.985571686024304E-4
1,0.001001001001001001,2,9.0E-4,9.988617846897053E-4
1,0.001001001001001001,3,0.001145,9.998452122713603E-4
1,0.001001001001001001,4,0.001035,9.953995797915235E-4
1,0.001001001001001001,5,0.001225,9.999285834910655E-4
1,0.001001001001001001,6,0.00101,9.998806490912379E-4
1,0.001001001001001001,7,0.00116,9.995307963922015E-4
1,0.001001001001001001,8,9.95E-4,0.001002528875289267
1,0.001001001001001001,9,0.00105,0.001001462663310089
1,0.0101010101010101,0,0.00963,0.009969623934200889
1,0.0101010101010101,1,0.010225,0.009981767217840897
1,0.0101010101010101,2,0.009805,0.009987588426923872
1,0.0101010101010101,3,0.01011,0.009981639403773971
1,0.0101010101010101,4,0.009965,0.00994696278050038
1,0.0101010101010101,5,0.01013,0.009991350322173432
1,0.0101010101010101,6,0.009585,0.00999002927520197
1,0.0101010101010101,7,0.010045,0.009994943454298981
1,0.0101010101010101,8,0.00996,0.010025343281870743
1,0.0101010101010101,9,0.009855,0.01001058060724291
1,0.05263157894736842,0,0.04945,0.04989542917074774
1,0.05263157894736842,1,0.049785,0.04990360885095775
1,0.05263157894736842,2,0.049575,0.05004789759633688
1,0.05263157894736842,3,0.04997,0.05000967416751252
1,0.05263157894736842,4,0.05033,0.04983230583749133
1,0.05263157894736842,5,0.05017,0.04995470244832817
1,0.05263157894736842,6,0.04926,0.04994503683069653
1,0.05263157894736842,7,0.049815,0.05002140685929716
1,0.05263157894736842,8,0.05046,0.05013538881414355
1,0.05263157894736842,9,0.050175,0.0499502379194404
1,0.1111111111111111,0,0.09955,0.0998765874703874
1,0.1111111111111111,1,0.099415,0.10007774296318118
1,0.1111111111111111,2,0.100015,0.10030315556101449
1,0.1111111111111111,3,0.1001,0.10020608222339193
1,0.1111111111111111,4,0.09975,0.10011030435723793
1,0.1111111111111111,5,0.100595,0.0998670007349658
1,0.1111111111111111,6,0.10033,0.09973505857188611
1,0.1111111111111111,7,0.098915,0.10008186728454574
1,0.1111111111111111,8,0.100845,0.10008173218736006
1,0.1111111111111111,9,0.10009,0.10003703186516466
1,0.25,0,0.19973,0.1998117585224951
1,0.25,1,0.199985,0.20000915926033036
1,0.25,2,0.19863,0.20043103498674494
1,0.25,3,0.200585,0.20007558413554954
1,0.25,4,0.1986,0.20029915835597484
1,0.25,5,0.19921,0.20035025015457109
1,0.25,6,0.20026,0.20035313265212656
1,0.25,7,0.19862,0.19986758393247323
1,0.25,8,0.20099,0.1993985320887958
1,0.25,9,0.20005,0.19948162516908297
1,0.6666666666666665,0,0.40295,0.4017289359950546
1,0.6666666666666665,1,0.399515,0.3987077933467202
1,0.6666666666666665,2,0.39912,0.4005683809383808
1,0.6666666666666665,3,0.400095,0.40046330704968564
1,0.6666666666666665,4,0.399885,0.4009509753265647
1,0.6666666666666665,5,0.39964,0.39973702274475287
1,0.6666666666666665,6,0.40122,0.40066762337392287
1,0.6666666666666665,7,0.400335,0.4002926917102672
1,0.6666666666666665,8,0.399885,0.4004194186632186
1,0.6666666666666665,9,0.399835,0.39904774904599244
5,0.762114688514264,0,0.00108,0.1518186869360673
5,0.762114688514264,1,0.001025,0.15208545576570057
5,0.762114688514264,2,0.00101,0.15217704495870024
5,0.762114688514264,3,0.001075,0.1522475110414403
5,0.762114688514264,4,9.6E-4,0.15160051911280917
5,0.762114688514264,5,9.85E-4,0.15236480851406542
5,0.762114688514264,6,0.001005,0.15222895059086267
5,0.762114688514264,7,0.00102,0.15213991963577883
5,0.762114688514264,8,0.001075,0.15268663833158125
5,0.762114688514264,9,0.001,0.1524276138347659
5,1.3607867966625458,0,0.009805,0.26846481113177034
5,1.3607867966625458,1,0.00957,0.268924135783994
5,1.3607867966625458,2,0.00947,0.2692826949829383
5,1.3607867966625458,3,0.009915,0.2694816632351438
5,1.3607867966625458,4,0.009335,0.2682974576823645
5,1.3607867966625458,5,0.00962,0.26954663624264397
5,1.3607867966625458,6,0.01002,0.2693960269974754
5,1.3607867966625458,7,0.00986,0.269004217827558
5,1.3607867966625458,8,0.010385,0.27004800975986293
5,1.3607867966625458,9,0.010075,0.26960084031279613
5,2.2184722687747147,0,0.04966,0.41991037749467786
5,2.2184722687747147,1,0.0495,0.41955159972733547
5,2.2184722687747147,2,0.049875,0.4206573897293163
5,2.2184722687747147,3,0.0488,0.42148454227391546
5,2.2184722687747147,4,0.048235,0.4210119775687302
5,2.2184722687747147,5,0.049605,0.42100949264511084
5,2.2184722687747147,6,0.05024,0.4216664323435143
5,2.2184722687747147,7,0.04897,0.4213634541677101
5,2.2184722687747147,8,0.05014,0.4217965850320215
5,2.2184722687747147,9,0.050275,0.4215491813363083
5,2.8810785081947463,0,0.0987,0.516802912388539
5,2.8810785081947463,1,0.09964,0.5185202175134359
5,2.8810785081947463,2,0.09967,0.518551165636057
5,2.8810785081947463,3,0.09935,0.5190336144637605
5,2.8810785081947463,4,0.097765,0.5183279382071203
5,2.8810785081947463,5,0.10008,0.5181505150482105
5,2.8810785081947463,6,0.100235,0.5199657747288446
5,2.8810785081947463,7,0.097465,0.5177188525768917
5,2.8810785081947463,8,0.100735,0.519039284113436
5,2.8810785081947463,9,0.100995,0.5193397621636656
5,4.01044093902212,0,0.19932,0.6401968534317377
5,4.01044093902212,1,0.198365,0.6412545586939785
5,4.01044093902212,2,0.199935,0.6418979958539506
5,4.01044093902212,3,0.19981,0.6420519302458041
5,4.01044093902212,4,0.19937,0.6413072125562697
5,4.01044093902212,5,0.199575,0.6411023885217431
5,4.01044093902212,6,0.198735,0.6417791989430331
5,4.01044093902212,7,0.19701,0.6383211688768008
5,4.01044093902212,8,0.20031,0.6410879224467534
5,4.01044093902212,9,0.19873,0.6419850822918752
5,6.595529936891969,0,0.40065,0.7917411441047815
5,6.595529936891969,1,0.39941,0.7904185987694262
5,6.595529936891969,2,0.399535,0.7901567254737127
5,6.595529936891969,3,0.397585,0.7904770888864078
5,6.595529936891969,4,0.400855,0.7917163274113911
5,6.595529936891969,5,0.399145,0.7910361233228074
5,6.595529936891969,6,0.40047,0.7927952690622733
5,6.595529936891969,7,0.399955,0.7897107086088819
5,6.595529936891969,8,0.399305,0.7914850752180679
5,6.595529936891969,9,0.400755,0.7922599438478951
20,9.411453337343303,0,0.001085,0.4687083281498334
20,9.411453337343303,1,0.00111,0.4695439896608647
20,9.411453337343303,2,9.75E-4,0.4696856331074614
20,9.411453337343303,3,0.001115,0.4702827325410893
20,9.411453337343303,4,8.5E-4,0.46792726241099764
20,9.411453337343303,5,7.8E-4,0.4705433285685379
20,9.411453337343303,6,0.001025,0.47016158422175836
20,9.411453337343303,7,0.00124,0.46965997070080406
20,9.411453337343303,8,9.55E-4,0.4714292157395467
20,9.411453337343303,9,0.00114,0.4705348490429004
20,12.030614594900943,0,0.0106,0.5931380474011733
20,12.030614594900943,1,0.010385,0.5940495493176551
20,12.030614594900943,2,0.010225,0.5947687863463373
20,12.030614594900943,3,0.010265,0.595564655405674
20,12.030614594900943,4,0.009,0.593898099790545
20,12.030614594900943,5,0.009885,0.595665876590847
20,12.030614594900943,6,0.01027,0.5952363770132798
20,12.030614594900943,7,0.01026,0.5951557737438502
20,12.030614594900943,8,0.009915,0.5969047228634289
20,12.030614594900943,9,0.009965,0.5960201776748533
20,15.24925699316637,0,0.050065,0.7226024760999629
20,15.24925699316637,1,0.0484,0.7210677784677962
20,15.24925699316637,2,0.04925,0.7234094685785601
20,15.24925699316637,3,0.05029,0.724886910662942
20,15.24925699316637,4,0.048185,0.7229111109030361
20,15.24925699316637,5,0.047935,0.7248010899013414
20,15.24925699316637,6,0.050695,0.7260807712424846
20,15.24925699316637,7,0.048915,0.7238947384809281
20,15.24925699316637,8,0.05087,0.7269849610139875
20,15.24925699316637,9,0.05025,0.7247659597903938
20,17.613156809118927,0,0.10252,0.7910375545903765
20,17.613156809118927,1,0.09665,0.7887022143724174
20,17.613156809118927,2,0.098925,0.7915478578065042
20,17.613156809118927,3,0.09867,0.7926725725663686
20,17.613156809118927,4,0.09914,0.7913598158944379
20,17.613156809118927,5,0.099705,0.7936367708841998
20,17.613156809118927,6,0.1004,0.7939471022060978
20,17.613156809118927,7,0.09948,0.792932263087551
20,17.613156809118927,8,0.101115,0.7932560064668156
20,17.613156809118927,9,0.09935,0.7925833808118203
20,21.635136820984663,0,0.199445,0.8636788289561911
20,21.635136820984663,1,0.197895,0.8631264453117116
20,21.635136820984663,2,0.19723,0.8653525909337005
20,21.635136820984663,3,0.200485,0.8667546105681095
20,21.635136820984663,4,0.199815,0.8649673252101042
20,21.635136820984663,5,0.20027,0.8648802221664432
20,21.635136820984663,6,0.19869,0.8646260387087746
20,21.635136820984663,7,0.200405,0.8656107722511944
20,21.635136820984663,8,0.19881,0.8637850258993154
20,21.635136820984663,9,0.201445,0.8657417529037394
20,31.15239441668244,0,0.40353,0.9354133556361522
20,31.15239441668244,1,0.39878,0.9337711182240358
20,31.15239441668244,2,0.3988,0.9341665012179827
20,31.15239441668244,3,0.400975,0.935049810726585
20,31.15239441668244,4,0.3991,0.9345664220131471
20,31.15239441668244,5,0.39859,0.9345869191703948
20,31.15239441668244,6,0.401505,0.9342837480639777
20,31.15239441668244,7,0.401715,0.9345190409583448
20,31.15239441668244,8,0.401065,0.9346962385961946
20,31.15239441668244,9,0.402525,0.9345756512162148
80,57.8103671224965,0,0.0011,0.7200665955449462
80,57.8103671224965,1,0.001505,0.7203948290265882
80,57.8103671224965,2,8.75E-4,0.7212273791765107
80,57.8103671224965,3,9.2E-4,0.722118892312167
80,57.8103671224965,4,5.35E-4,0.7188147596015927
80,57.8103671224965,5,7.15E-4,0.7224680824915871
80,57.8103671224965,6,0.001205,0.7218786351036791
80,57.8103671224965,7,8.7E-4,0.7214538800965569
80,57.8103671224965,8,0.0011,0.7237324802411595
80,57.8103671224965,9,0.001075,0.7226977612519307
80,65.36275707927169,0,0.010195,0.8066507626285555
80,65.36275707927169,1,0.01095,0.8069926678597249
80,65.36275707927169,2,0.009775,0.807888903117735
80,65.36275707927169,3,0.00948,0.8095837178122673
80,65.36275707927169,4,0.0081,0.8056869225415609
80,65.36275707927169,5,0.009805,0.8090233391390691
80,65.36275707927169,6,0.010315,0.8088064836249014
80,65.36275707927169,7,0.009795,0.8091452288836334
80,65.36275707927169,8,0.010885,0.8114764599234677
80,65.36275707927169,9,0.01034,0.8099887984770676
80,74.8198984301402,0,0.050775,0.8862168990475486
80,74.8198984301402,1,0.049415,0.8876878297580959
80,74.8198984301402,2,0.049365,0.8874404709331105
80,74.8198984301402,3,0.050115,0.8895183546730958
80,74.8198984301402,4,0.048445,0.888122724278374
80,74.8198984301402,5,0.048825,0.8896863141553202
80,74.8198984301402,6,0.0493,0.8872271323575667
80,74.8198984301402,7,0.04642,0.8883668949959947
80,74.8198984301402,8,0.052,0.8900404619653179
80,74.8198984301402,9,0.05194,0.889528592002302
80,82.20330464677161,0,0.098475,0.9221287604649252
80,82.20330464677161,1,0.097715,0.923954043943274
80,82.20330464677161,2,0.09732,0.9231342174907249
80,82.20330464677161,3,0.099255,0.9249338260678364
80,82.20330464677161,4,0.09626,0.9247539635325245
80,82.20330464677161,5,0.1017,0.9253583811562175
80,82.20330464677161,6,0.099145,0.924062544445415
80,82.20330464677161,7,0.10046,0.9260996414651572
80,82.20330464677161,8,0.101905,0.9250621878790227
80,82.20330464677161,9,0.104265,0.92605340872993
80,95.74965839619833,0,0.199995,0.9568067988275312
80,95.74965839619833,1,0.198625,0.9569956869536939
80,95.74965839619833,2,0.195485,0.9561411352671327
80,95.74965839619833,3,0.19966,0.957347995277492
80,95.74965839619833,4,0.198185,0.9576578151576831
80,95.74965839619833,5,0.202755,0.9581553631570053
80,95.74965839619833,6,0.19924,0.9575298977295554
80,95.74965839619833,7,0.19736,0.9569984009518693
80,95.74965839619833,8,0.198075,0.9572069193262165
80,95.74965839619833,9,0.202475,0.9586936918037338
80,130.9364048674355,0,0.395955,0.9815762223777073
80,130.9364048674355,1,0.400865,0.9819649803849757
80,130.9364048674355,2,0.40016,0.981842184384791
80,130.9364048674355,3,0.399785,0.9820481275377853
80,130.9364048674355,4,0.401085,0.9821316449117949
80,130.9364048674355,5,0.39884,0.9820517303851504
80,130.9364048674355,6,0.403275,0.9821366063079098
80,130.9364048674355,7,0.397255,0.9819507489579775
80,130.9364048674355,8,0.40003,0.9820927631874788
80,130.9364048674355,9,0.397635,0.9818307742449184
