tx,load_per_node,rep,bp,bp_lack_tx,bp_other_causes
5,1.3607867966625458,0,0.00983,0.00983,0.0
5,1.3607867966625458,1,0.00947,0.00947,0.0
5,1.3607867966625458,2,0.00926,0.00926,0.0
5,1.3607867966625458,3,0.01027,0.01027,0.0
5,1.3607867966625458,4,0.00903,0.00903,0.0
5,1.3607867966625458,5,0.00975,0.00975,0.0
5,1.3607867966625458,6,0.01049,0.01049,0.0
5,1.3607867966625458,7,0.01061,0.01061,0.0
5,1.3607867966625458,8,0.01073,0.01073,0.0
5,1.3607867966625458,9,0.01042,0.01042,0.0
5,2.2184722687747147,0,0.04928,0.04928,0.0
5,2.2184722687747147,1,0.0502,0.0502,0.0
5,2.2184722687747147,2,0.04963,0.04963,0.0
5,2.2184722687747147,3,0.04866,0.04866,0.0
5,2.2184722687747147,4,0.04766,0.04766,0.0
5,2.2184722687747147,5,0.04997,0.04997,0.0
5,2.2184722687747147,6,0.05014,0.05014,0.0
5,2.2184722687747147,7,0.05066,0.05066,0.0
5,2.2184722687747147,8,0.04962,0.04962,0.0
5,2.2184722687747147,9,0.04945,0.04945,0.0
5,2.8810785081947463,0,0.09842,0.09842,0.0
5,2.8810785081947463,1,0.0999,0.0999,0.0
5,2.8810785081947463,2,0.09953,0.09953,0.0
5,2.8810785081947463,3,0.10133,0.10133,0.0
5,2.8810785081947463,4,0.09713,0.09713,0.0
5,2.8810785081947463,5,0.10111,0.10111,0.0
5,2.8810785081947463,6,0.09964,0.09964,0.0
5,2.8810785081947463,7,0.09881,0.09881,0.0
5,2.8810785081947463,8,0.09991,0.09991,0.0
5,2.8810785081947463,9,0.10153,0.10153,0.0
5,4.01044093902212,0,0.1988,0.1988,0.0
5,4.01044093902212,1,0.19874,0.19874,0.0
5,4.01044093902212,2,0.19947,0.19947,0.0
5,4.01044093902212,3,0.20084,0.20084,0.0
5,4.01044093902212,4,0.19608,0.19608,0.0
5,4.01044093902212,5,0.19928,0.19928,0.0
5,4.01044093902212,6,0.19861,0.19861,0.0
5,4.01044093902212,7,0.19736,0.19736,0.0
5,4.01044093902212,8,0.19955,0.19955,0.0
5,4.01044093902212,9,0.19803,0.19803,0.0
5,6.595529936891969,0,0.4011,0.4011,0.0
5,6.595529936891969,1,0.40138,0.40138,0.0
5,6.595529936891969,2,0.39714,0.39714,0.0
5,6.595529936891969,3,0.39543,0.39543,0.0
5,6.595529936891969,4,0.40121,0.40121,0.0
5,6.595529936891969,5,0.40059,0.40059,0.0
5,6.595529936891969,6,0.3997,0.3997,0.0
5,6.595529936891969,7,0.40162,0.40162,0.0
5,6.595529936891969,8,0.39693,0.39693,0.0
5,6.595529936891969,9,0.39896,0.39896,0.0
20,12.030614594900943,0,0.01092,0.01092,0.0
20,12.030614594900943,1,0.01068,0.01068,0.0
20,12.030614594900943,2,0.00991,0.00991,0.0
20,12.030614594900943,3,0.01038,0.01038,0.0
20,12.030614594900943,4,0.00844,0.00844,0.0
20,12.030614594900943,5,0.01067,0.01067,0.0
20,12.030614594900943,6,0.0101,0.0101,0.0
20,12.030614594900943,7,0.0106,0.0106,0.0
20,12.030614594900943,8,0.00979,0.00979,0.0
20,12.030614594900943,9,0.00998,0.00998,0.0
20,15.24925699316637,0,0.04993,0.04993,0.0
20,15.24925699316637,1,0.0491,0.0491,0.0
20,15.24925699316637,2,0.04946,0.04946,0.0
20,15.24925699316637,3,0.04946,0.04946,0.0
20,15.24925699316637,4,0.0475,0.0475,0.0
20,15.24925699316637,5,0.0494,0.0494,0.0
20,15.24925699316637,6,0.04983,0.04983,0.0
20,15.24925699316637,7,0.0488,0.0488,0.0
20,15.24925699316637,8,0.05016,0.05016,0.0
20,15.24925699316637,9,0.05011,0.05011,0.0
20,17.613156809118927,0,0.10273,0.10273,0.0
20,17.613156809118927,1,0.09831,0.09831,0.0
20,17.613156809118927,2,0.09968,0.09968,0.0
20,17.613156809118927,3,0.09935,0.09935,0.0
20,17.613156809118927,4,0.09771,0.09771,0.0
20,17.613156809118927,5,0.10015,0.10015,0.0
20,17.613156809118927,6,0.09931,0.09931,0.0
20,17.613156809118927,7,0.10018,0.10018,0.0
20,17.613156809118927,8,0.10044,0.10044,0.0
20,17.613156809118927,9,0.09899,0.09899,0.0
20,21.635136820984663,0,0.19934,0.19934,0.0
20,21.635136820984663,1,0.1987,0.1987,0.0
20,21.635136820984663,2,0.19802,0.19802,0.0
20,21.635136820984663,3,0.20128,0.20128,0.0
20,21.635136820984663,4,0.19862,0.19862,0.0
20,21.635136820984663,5,0.20054,0.20054,0.0
20,21.635136820984663,6,0.1966,0.1966,0.0
20,21.635136820984663,7,0.19992,0.19992,0.0
20,21.635136820984663,8,0.19725,0.19725,0.0
20,21.635136820984663,9,0.19929,0.19929,0.0
20,31.15239441668244,0,0.40478,0.40478,0.0
20,31.15239441668244,1,0.39794,0.39794,0.0
20,31.15239441668244,2,0.39946,0.39946,0.0
20,31.15239441668244,3,0.39877,0.39877,0.0
20,31.15239441668244,4,0.39897,0.39897,0.0
20,31.15239441668244,5,0.4011,0.4011,0.0
20,31.15239441668244,6,0.40189,0.40189,0.0
20,31.15239441668244,7,0.40331,0.40331,0.0
20,31.15239441668244,8,0.39714,0.39714,0.0
20,31.15239441668244,9,0.40341,0.40341,0.0
