algorithm,slots,load_per_direction,rep,bp_1slot,bp_2slot,bp_bitrate
firstfit,16,2.0,0,3.0072474663940097E-5,1.496393691204198E-4,1.0991170426424105E-4
firstfit,16,2.0,1,0.0,2.4093966469229997E-4,1.6020827075197757E-4
firstfit,16,2.0,2,0.0,4.999250112483127E-5,3.3331666749995835E-5
firstfit,16,2.0,3,0.0,1.7948845789499926E-4,1.1988610819721265E-4
firstfit,16,2.0,4,2.004690976885913E-5,1.5962647405072132E-4,1.132450022315927E-4
firstfit,16,2.0,5,9.991906555689892E-6,1.100891722295059E-4,7.66873722571761E-5
firstfit,16,2.0,6,1.999500124968758E-5,9.00225056264066E-5,6.667222268522376E-5
firstfit,16,2.0,7,0.0,1.9970842569848023E-4,1.332684760083426E-4
firstfit,16,2.0,8,0.0,1.0981550994329526E-4,7.32922896511287E-5
firstfit,16,2.0,9,1.992984693877551E-5,2.0070648683365446E-4,1.4016445963263563E-4
firstfit,16,4.0,0,0.001643253642211579,0.013662947364218846,0.009666953144258124
firstfit,16,4.0,1,0.0013350336747300043,0.012747420403902518,0.008924399588823474
firstfit,16,4.0,2,0.0018603348602748496,0.012467755803955288,0.008932797365491404
firstfit,16,4.0,3,0.0013027487999679322,0.01277304886689086,0.008960364543604332
firstfit,16,4.0,4,0.0014938092134944108,0.01211909630442372,0.008589365705816723
firstfit,16,4.0,5,0.0012782998611846244,0.0117656483122553,0.008263663557510497
firstfit,16,4.0,6,0.0014908647015268856,0.013212336844630114,0.009308200414586514
firstfit,16,4.0,7,0.0014112842686845029,0.0133978079947248,0.009407146498895335
firstfit,16,4.0,8,0.0016131294711740777,0.012934906281813282,0.00917073625722033
firstfit,16,4.0,9,0.0012159872421010664,0.01252132035717869,0.00873627657089465
firstfit,16,6.0,0,0.011535573023581835,0.07748539471713187,0.05554167291385543
firstfit,16,6.0,1,0.011423892311840305,0.07684835618221693,0.05499918294931951
firstfit,16,6.0,2,0.010862294460030151,0.07624427817342268,0.05440289223811604
firstfit,16,6.0,3,0.011868871505694054,0.07744685949340549,0.0556338473942144
firstfit,16,6.0,4,0.012146559141936646,0.07563915485637755,0.05449019176548221
firstfit,16,6.0,5,0.010572114422884577,0.07635472905418916,0.05443303779748017
firstfit,16,6.0,6,0.011892021643679425,0.07692692242318806,0.0552535356329808
firstfit,16,6.0,7,0.011344991796390412,0.07837551477349966,0.05604511338337044
firstfit,16,6.0,8,0.011522880720180045,0.08052986753311672,0.05753520539955004
firstfit,16,6.0,9,0.011620245582509733,0.07752178703796454,0.05550478604542574
firstfit,16,8.0,0,0.03510740621994229,0.18805892686042797,0.13720552179938172
firstfit,16,8.0,1,0.03477783325012481,0.18777165748622934,0.1366716691679173
firstfit,16,8.0,2,0.033803996649515375,0.1856672951181355,0.1348543287645638
firstfit,16,8.0,3,0.03158527422990233,0.19005739955078613,0.13735654201715666
firstfit,16,8.0,4,0.03409068141291499,0.18700712731338218,0.13615588084403255
firstfit,16,8.0,5,0.03203713872111017,0.1882706465668353,0.136078176330315
firstfit,16,8.0,6,0.032638722075426375,0.18949324594356967,0.137269734211298
firstfit,16,8.0,7,0.03193844735866636,0.1911002864757494,0.13817571281518273
firstfit,16,8.0,8,0.0342009443021767,0.19078894753678824,0.13861521437713312
firstfit,16,8.0,9,0.03242067017358234,0.1908091808008656,0.13788410930667708
firstfit,16,10.0,0,0.06451289957652147,0.3082217094683008,0.22710778939932624
firstfit,16,10.0,1,0.062214811338651865,0.3093132492713852,0.22677899061854878
firstfit,16,10.0,2,0.06251183370038566,0.30835616300890106,0.22602627723585103
firstfit,16,10.0,3,0.06410861036133214,0.3132119472598439,0.23055460293466426
firstfit,16,10.0,4,0.06134754259272243,0.3084895016923092,0.2262834031296746
firstfit,16,10.0,5,0.06272324331895905,0.30842653393701336,0.22658330361636111
firstfit,16,10.0,6,0.06338760651278154,0.31160260768707754,0.228877511566204
firstfit,16,10.0,7,0.06157201744907352,0.31104825490744814,0.22794715582632344
firstfit,16,10.0,8,0.06422752837099453,0.31080000799408436,0.2286902564034205
firstfit,16,10.0,9,0.06342560207854502,0.3100570399279496,0.22776981295635648
firstfit,16,12.0,0,0.09775524981897175,0.42098878370853554,0.3140587154986559
firstfit,16,12.0,1,0.09793066164766186,0.4179976626412154,0.3114693465461343
firstfit,16,12.0,2,0.09548562517493703,0.4183305990156456,0.3106639463402275
firstfit,16,12.0,3,0.09727972797279728,0.41724827517248275,0.3106063131228959
firstfit,16,12.0,4,0.09703695549929452,0.41664251666350216,0.31020531944319474
firstfit,16,12.0,5,0.09852437024891936,0.41408946812257835,0.3080086182419455
firstfit,16,12.0,6,0.09415969001586058,0.41646908808352096,0.30957913590028696
firstfit,16,12.0,7,0.09635460893715223,0.41808390306403337,0.3106991974018093
firstfit,16,12.0,8,0.09623334634595558,0.4177847487936701,0.31073952755275797
firstfit,16,12.0,9,0.09808270639131174,0.41680095284803476,0.3104354291773226
lastfit,16,2.0,0,3.0072474663940097E-5,1.496393691204198E-4,1.0991170426424105E-4
lastfit,16,2.0,1,0.0,2.4093966469229997E-4,1.6020827075197757E-4
lastfit,16,2.0,2,0.0,4.999250112483127E-5,3.3331666749995835E-5
lastfit,16,2.0,3,0.0,1.7948845789499926E-4,1.1988610819721265E-4
lastfit,16,2.0,4,2.004690976885913E-5,1.5962647405072132E-4,1.132450022315927E-4
lastfit,16,2.0,5,9.991906555689892E-6,1.100891722295059E-4,7.66873722571761E-5
lastfit,16,2.0,6,1.999500124968758E-5,9.00225056264066E-5,6.667222268522376E-5
lastfit,16,2.0,7,0.0,1.9970842569848023E-4,1.332684760083426E-4
lastfit,16,2.0,8,0.0,1.0981550994329526E-4,7.32922896511287E-5
lastfit,16,2.0,9,1.992984693877551E-5,2.0070648683365446E-4,1.4016445963263563E-4
lastfit,16,4.0,0,0.001643253642211579,0.013662947364218846,0.009666953144258124
lastfit,16,4.0,1,0.0013350336747300043,0.012747420403902518,0.008924399588823474
lastfit,16,4.0,2,0.0018603348602748496,0.012467755803955288,0.008932797365491404
lastfit,16,4.0,3,0.0013027487999679322,0.01277304886689086,0.008960364543604332
lastfit,16,4.0,4,0.0014938092134944108,0.01211909630442372,0.008589365705816723
lastfit,16,4.0,5,0.0012782998611846244,0.0117656483122553,0.008263663557510497
lastfit,16,4.0,6,0.0014908647015268856,0.013212336844630114,0.009308200414586514
lastfit,16,4.0,7,0.0014112842686845029,0.0133978079947248,0.009407146498895335
lastfit,16,4.0,8,0.0016131294711740777,0.012934906281813282,0.00917073625722033
lastfit,16,4.0,9,0.0012159872421010664,0.01252132035717869,0.00873627657089465
lastfit,16,6.0,0,0.011535573023581835,0.07748539471713187,0.05554167291385543
lastfit,16,6.0,1,0.011423892311840305,0.07684835618221693,0.05499918294931951
lastfit,16,6.0,2,0.010862294460030151,0.07624427817342268,0.05440289223811604
lastfit,16,6.0,3,0.011868871505694054,0.07744685949340549,0.0556338473942144
lastfit,16,6.0,4,0.012146559141936646,0.07563915485637755,0.05449019176548221
lastfit,16,6.0,5,0.010572114422884577,0.07635472905418916,0.05443303779748017
lastfit,16,6.0,6,0.011892021643679425,0.07692692242318806,0.0552535356329808
lastfit,16,6.0,7,0.011344991796390412,0.07837551477349966,0.05604511338337044
lastfit,16,6.0,8,0.011522880720180045,0.08052986753311672,0.05753520539955004
lastfit,16,6.0,9,0.011620245582509733,0.07752178703796454,0.05550478604542574
lastfit,16,8.0,0,0.03510740621994229,0.18805892686042797,0.13720552179938172
lastfit,16,8.0,1,0.03477783325012481,0.18777165748622934,0.1366716691679173
lastfit,16,8.0,2,0.033803996649515375,0.1856672951181355,0.1348543287645638
lastfit,16,8.0,3,0.03158527422990233,0.19005739955078613,0.13735654201715666
lastfit,16,8.0,4,0.03409068141291499,0.18700712731338218,0.13615588084403255
lastfit,16,8.0,5,0.03203713872111017,0.1882706465668353,0.136078176330315
lastfit,16,8.0,6,0.032638722075426375,0.18949324594356967,0.137269734211298
lastfit,16,8.0,7,0.03193844735866636,0.1911002864757494,0.13817571281518273
lastfit,16,8.0,8,0.0342009443021767,0.19078894753678824,0.13861521437713312
lastfit,16,8.0,9,0.03242067017358234,0.1908091808008656,0.13788410930667708
lastfit,16,10.0,0,0.06451289957652147,0.3082217094683008,0.22710778939932624
lastfit,16,10.0,1,0.062214811338651865,0.3093132492713852,0.22677899061854878
lastfit,16,10.0,2,0.06251183370038566,0.30835616300890106,0.22602627723585103
lastfit,16,10.0,3,0.06410861036133214,0.3132119472598439,0.23055460293466426
lastfit,16,10.0,4,0.06134754259272243,0.3084895016923092,0.2262834031296746
lastfit,16,10.0,5,0.06272324331895905,0.30842653393701336,0.22658330361636111
lastfit,16,10.0,6,0.06338760651278154,0.31160260768707754,0.228877511566204
lastfit,16,10.0,7,0.06157201744907352,0.31104825490744814,0.22794715582632344
lastfit,16,10.0,8,0.06422752837099453,0.31080000799408436,0.2286902564034205
lastfit,16,10.0,9,0.06342560207854502,0.3100570399279496,0.22776981295635648
lastfit,16,12.0,0,0.09775524981897175,0.42098878370853554,0.3140587154986559
lastfit,16,12.0,1,0.09793066164766186,0.4179976626412154,0.3114693465461343
lastfit,16,12.0,2,0.09548562517493703,0.4183305990156456,0.3106639463402275
lastfit,16,12.0,3,0.09727972797279728,0.41724827517248275,0.3106063131228959
lastfit,16,12.0,4,0.09703695549929452,0.41664251666350216,0.31020531944319474
lastfit,16,12.0,5,0.09852437024891936,0.41408946812257835,0.3080086182419455
lastfit,16,12.0,6,0.09415969001586058,0.41646908808352096,0.30957913590028696
lastfit,16,12.0,7,0.09635460893715223,0.41808390306403337,0.3106991974018093
lastfit,16,12.0,8,0.09623334634595558,0.4177847487936701,0.31073952755275797
lastfit,16,12.0,9,0.09808270639131174,0.41680095284803476,0.3104354291773226
exactfit,16,2.0,0,4.0096230954290296E-5,1.3966480446927373E-4,1.0658140154543032E-4
exactfit,16,2.0,1,0.0,2.3090978455113145E-4,1.5353497593506137E-4
exactfit,16,2.0,2,1.0001600256040966E-5,2.999520076787714E-5,2.3332088955255718E-5
exactfit,16,2.0,3,0.0,1.5954688684137052E-4,1.0656578439077673E-4
exactfit,16,2.0,4,2.0047110710168897E-5,1.5962488152840824E-4,1.1324462504371576E-4
exactfit,16,2.0,5,9.991906555689892E-6,1.2009727879582461E-4,8.335583940997403E-5
exactfit,16,2.0,6,1.999500124968758E-5,9.00225056264066E-5,6.667222268522376E-5
exactfit,16,2.0,7,0.0,2.0969594088571572E-4,1.3993236602308885E-4
exactfit,16,2.0,8,0.0,1.0981550994329526E-4,7.32922896511287E-5
exactfit,16,2.0,9,3.9859296682710035E-5,1.8063765090770419E-4,1.3349040704562369E-4
exactfit,16,4.0,0,0.0019139810806477473,0.01211480121347597,0.008723951393700368
exactfit,16,4.0,1,0.0015342007212735859,0.011262572524141253,0.008003417639559179
exactfit,16,4.0,2,0.0020398776073435594,0.011170670240214413,0.00812682920325073
exactfit,16,4.0,3,0.0015233361060722984,0.011624542252467097,0.008267298205643214
exactfit,16,4.0,4,0.0019242140287229032,0.010487033396860876,0.007641088671936153
exactfit,16,4.0,5,0.0014383171689123725,0.010982849934423276,0.007796373919161806
exactfit,16,4.0,6,0.0017603344635480742,0.011197872404243194,0.008052823321189659
exactfit,16,4.0,7,0.0016318929958752152,0.011786327859682769,0.008406749390235776
exactfit,16,4.0,8,0.0018527977245640919,0.011083264270950865,0.00801263364106733
exactfit,16,4.0,9,0.0014649751352859691,0.011318823564827357,0.008019168582746273
exactfit,16,6.0,0,0.013640639698965193,0.06904614400767402,0.05059684482034671
exactfit,16,6.0,1,0.013582427671826193,0.06950108720703027,0.05081104880969456
exactfit,16,6.0,2,0.013912609238451935,0.06679349186483104,0.049137140475198
exactfit,16,6.0,3,0.014383225250328258,0.06861150741786473,0.050591044895430516
exactfit,16,6.0,4,0.014241647303901931,0.06781691828420801,0.04999466936752046
exactfit,16,6.0,5,0.013676017447676977,0.06868977649834072,0.05036261348335577
exactfit,16,6.0,6,0.01397964595570944,0.06933216080904177,0.05089829339251972
exactfit,16,6.0,7,0.013963265101846754,0.07020330685848444,0.05148036455122545
exactfit,16,6.0,8,0.014426249175214444,0.07028827495148739,0.05166114396581037
exactfit,16,6.0,9,0.013628739166899637,0.06854693321581667,0.05020277210816291
exactfit,16,8.0,0,0.04078463588366711,0.1706077877484204,0.12743892892002545
exactfit,16,8.0,1,0.04198766182640847,0.1735583628500617,0.12950300506238716
exactfit,16,8.0,2,0.041432219960892296,0.1734994587225853,0.12933841288480272
exactfit,16,8.0,3,0.040475593237345106,0.17242238501021578,0.1286363560690562
exactfit,16,8.0,4,0.0397281965964441,0.17024206262098143,0.1268661190718868
exactfit,16,8.0,5,0.03874212832207263,0.17106383831501318,0.12683831500438628
exactfit,16,8.0,6,0.04072085428645844,0.17299898177171721,0.12900850839846223
exactfit,16,8.0,7,0.04115341825944895,0.17321679786883773,0.12932880786871268
exactfit,16,8.0,8,0.04108545775212442,0.17480640268242056,0.13035628630815968
exactfit,16,8.0,9,0.041271962188141914,0.1730950518482861,0.12898630027292685
exactfit,16,10.0,0,0.078735511485804,0.2848800583959123,0.21617162266213788
exactfit,16,10.0,1,0.07866593439512706,0.2872164638726153,0.21756515649230462
exactfit,16,10.0,2,0.07643089576969915,0.2893967019976357,0.21823572967600344
exactfit,16,10.0,3,0.07729580064605446,0.2894296138280269,0.21901784108844624
exactfit,16,10.0,4,0.07565305325550427,0.28453002806547945,0.2150185090779447
exactfit,16,10.0,5,0.07763497171640449,0.28833723559664604,0.21804882277240267
exactfit,16,10.0,6,0.07644570099454603,0.28626715608043407,0.2165651976979644
exactfit,16,10.0,7,0.07824522834016188,0.2883218252776944,0.2182309205481279
exactfit,16,10.0,8,0.07785763690494091,0.2906794624953861,0.21996662680979612
exactfit,16,10.0,9,0.07908853880503082,0.29162036898004945,0.220679099824273
exactfit,16,12.0,0,0.11832811622120555,0.3941770991149031,0.30262912548946486
exactfit,16,12.0,1,0.11858522187202962,0.39283394133226723,0.3014847277999034
exactfit,16,12.0,2,0.11702819197343814,0.39472236943413963,0.30216628278673496
exactfit,16,12.0,3,0.11971090801709727,0.39625977762459913,0.3042009190239286
exactfit,16,12.0,4,0.11646968165487426,0.3922179921460475,0.30039623163388063
exactfit,16,12.0,5,0.11782332494306605,0.3936766649313203,0.3015832788678289
exactfit,16,12.0,6,0.11723419806361825,0.3954336166515186,0.30285249714283813
exactfit,16,12.0,7,0.11798100949525238,0.3944872436218109,0.3022570428404734
exactfit,16,12.0,8,0.11725237694066674,0.3918657520041479,0.300684000905785
exactfit,16,12.0,9,0.11799997996774808,0.39534349696987847,0.3030940062166637
randomfit,16,2.0,0,0.0,9.379084641250012E-4,6.262011904484333E-4
randomfit,16,2.0,1,0.0,8.735290573918631E-4,5.807821199214942E-4
randomfit,16,2.0,2,0.0,7.499775006749798E-4,4.999950000499995E-4
randomfit,16,2.0,3,0.0,0.001226321036889332,8.191808191808192E-4
randomfit,16,2.0,4,0.0,8.978630858556636E-4,5.995243773273204E-4
randomfit,16,2.0,5,0.0,7.205331945639773E-4,4.8011842921253907E-4
randomfit,16,2.0,6,9.998400255959046E-6,7.601216194591134E-4,5.10027201450744E-4
randomfit,16,2.0,7,0.0,9.88556707207477E-4,6.596789562412959E-4
randomfit,16,2.0,8,0.0,8.982215213876525E-4,5.996042611876161E-4
randomfit,16,2.0,9,0.0,0.0010438308592534602,6.941825499861497E-4
randomfit,16,4.0,0,8.216597527004549E-4,0.025548392247659726,0.01732833225628077
randomfit,16,4.0,1,6.481398386630371E-4,0.02527253216732021,0.017032961533200094
randomfit,16,4.0,2,7.101704409058174E-4,0.025453891066144124,0.017208623310135188
randomfit,16,4.0,3,5.311898652982681E-4,0.02546296296296296,0.017177174376465574
randomfit,16,4.0,4,7.320644216691069E-4,0.023902594682993956,0.016208097721475148
randomfit,16,4.0,5,4.996302735975378E-4,0.02546884694674059,0.01713756059828091
randomfit,16,4.0,6,5.894576989169964E-4,0.024792809384633862,0.016715125971964735
randomfit,16,4.0,7,6.301827529983696E-4,0.025252676723750114,0.017048351992640712
randomfit,16,4.0,8,7.813987036795865E-4,0.02553429361443017,0.017303009204507978
randomfit,16,4.0,9,4.585738353719931E-4,0.02494758699555618,0.016750698223825366
randomfit,16,6.0,0,0.006303299962921765,0.10789234714751873,0.07412453241220342
randomfit,16,6.0,1,0.0064098084046366275,0.10690998687913783,0.07333886960088846
randomfit,16,6.0,2,0.005759632661209822,0.1047786014826688,0.07169301580948569
randomfit,16,6.0,3,0.005682727709300464,0.10814808891731968,0.0740148242947795
randomfit,16,6.0,4,0.006363426830612593,0.10629571603915738,0.07307860138369347
randomfit,16,6.0,5,0.006140053113955392,0.10771449748592721,0.07378317624850753
randomfit,16,6.0,6,0.006141708693264094,0.10642367195714214,0.07293615460290465
randomfit,16,6.0,7,0.005878111794276101,0.10848029718987796,0.07434246913086646
randomfit,16,6.0,8,0.006627555413171015,0.10947519827396768,0.07524474033200718
randomfit,16,6.0,9,0.005896579983609506,0.10586139961177483,0.07251401937707957
randomfit,16,8.0,0,0.021131212185063666,0.22383567377936356,0.15657078548430597
randomfit,16,8.0,1,0.022380914386020904,0.22497393117831074,0.1572050070728908
randomfit,16,8.0,2,0.020589733092354238,0.22441989724895597,0.15634327487135363
randomfit,16,8.0,3,0.021095143607319664,0.223870916239248,0.15647171684198605
randomfit,16,8.0,4,0.019536874100143976,0.22389582333173308,0.15576164062083311
randomfit,16,8.0,5,0.020453978548266402,0.22527687296416937,0.156797598198649
randomfit,16,8.0,6,0.02146568499608803,0.22764341116184475,0.15919761842920221
randomfit,16,8.0,7,0.02142063150304936,0.2259968245409065,0.1579347177845227
randomfit,16,8.0,8,0.02076211039804874,0.22885696564694583,0.15945686453617458
randomfit,16,8.0,9,0.020156864310375795,0.2259936263604113,0.1571854589607253
randomfit,16,10.0,0,0.04381994279118784,0.3454192198475564,0.24537479400063256
randomfit,16,10.0,1,0.0453386908153168,0.34492211339329487,0.24499838308001587
randomfit,16,10.0,2,0.04339315496699324,0.3469244710570848,0.24557056581373868
randomfit,16,10.0,3,0.04508057251526374,0.3473673693675692,0.2467259822053384
randomfit,16,10.0,4,0.04486594380974352,0.34485508908008733,0.24526228509205703
randomfit,16,10.0,5,0.044213640952847445,0.3464982043356042,0.245686968059394
randomfit,16,10.0,6,0.04586677367576244,0.34539473684210525,0.24597762386787428
randomfit,16,10.0,7,0.04416176647065883,0.34471621135154595,0.24453673951013988
randomfit,16,10.0,8,0.04517038918951359,0.3460404107055377,0.24578115677798035
randomfit,16,10.0,9,0.046089803741489806,0.3435678079858955,0.24417829007491013
randomfit,16,12.0,0,0.0731137514413195,0.4452600608387772,0.3216492098646196
randomfit,16,12.0,1,0.0737876107963346,0.4488987180898438,0.32374328591099893
randomfit,16,12.0,2,0.0738568697897381,0.45021333573148675,0.3248899449141387
randomfit,16,12.0,3,0.07461429731436649,0.4505271978213812,0.3256352269964396
randomfit,16,12.0,4,0.07435529654854209,0.45135240222126954,0.3261938775170411
randomfit,16,12.0,5,0.07549448136838113,0.44980660159929453,0.3246929558296697
randomfit,16,12.0,6,0.07496570163931143,0.4491067594691485,0.3246274251101982
randomfit,16,12.0,7,0.07490944023055217,0.44874382907281196,0.32424200009331283
randomfit,16,12.0,8,0.07463000842257249,0.4460645470140025,0.3226950590805547
randomfit,16,12.0,9,0.0761698906309142,0.4493705198482019,0.3243159349278719
