slots,load_per_pair,rep,bp_01,bp_12,bp_02,bp_all
4,0.5,0,0.01366705573878604,0.014485213377972697,0.03022060944645199,0.019467857142857144
4,0.5,1,0.014049871834973467,0.01498055585055585,0.03145000256732613,0.020153571428571427
4,0.5,2,0.013024835171058829,0.013541277631685854,0.030118018052018348,0.01889642857142857
4,0.5,3,0.01443467201221389,0.014932171330863513,0.030686986858380883,0.020021428571428572
4,0.5,4,0.014283483116085696,0.01527868130930653,0.03058642799033043,0.020042857142857144
4,0.5,5,0.014818383331271858,0.014216196077005996,0.030128746666120955,0.019725
4,0.5,6,0.014284728480837967,0.01389434223435669,0.0314122657393887,0.019867857142857142
4,0.5,7,0.01474914784496642,0.014465340178028108,0.031882685711070086,0.02035
4,0.5,8,0.014256606639286802,0.014134377783381096,0.031449287227451356,0.019953571428571428
4,0.5,9,0.01441056611855649,0.013979697981086493,0.029278007093878417,0.019214285714285715
4,1.0,0,0.08034212051836931,0.07776826080293305,0.17656064102996988,0.11158928571428571
4,1.0,1,0.07824855183636426,0.07894101859269956,0.17457990941311297,0.110575
4,1.0,2,0.07664265352312562,0.0795516380714378,0.1762962377866754,0.11080714285714285
4,1.0,3,0.07973947204392962,0.07927059394796335,0.17570745691320389,0.11155
4,1.0,4,0.07882130643773053,0.07822639782110363,0.1726045715929026,0.10990357142857143
4,1.0,5,0.07920636211266077,0.07797089103337504,0.17400432808136918,0.110425
4,1.0,6,0.077541044260331,0.07914076883663884,0.17469108676967476,0.11048928571428572
4,1.0,7,0.07944336083496051,0.07788963292312835,0.17457454960905405,0.11062857142857142
4,1.0,8,0.07923089153555968,0.07723460500804986,0.17523976597749863,0.11066785714285714
4,1.0,9,0.07924461242964465,0.07855106417845822,0.17506062194434374,0.11098571428571428
4,1.5,0,0.1584537753502086,0.15824694293670044,0.3467890826753549,0.22138214285714286
4,1.5,1,0.16125941392180873,0.16255192123600815,0.3476014580637862,0.22376785714285713
4,1.5,2,0.15974273250146528,0.16170495168006963,0.34642243822484087,0.22241785714285714
4,1.5,3,0.16065603694194486,0.1605609641901677,0.34948534290968225,0.22354285714285715
4,1.5,4,0.1608265029573426,0.16044426095402076,0.3446040558867196,0.222075
4,1.5,5,0.15849465954081465,0.16137937173840644,0.34396758351241324,0.22118928571428573
4,1.5,6,0.1600050123696476,0.16071671316160036,0.3515368836575199,0.2239857142857143
4,1.5,7,0.16168101351614217,0.16110880602189676,0.3483982833893321,0.2236642857142857
4,1.5,8,0.15862970577677973,0.1608019980134354,0.34889154556027624,0.22284285714285715
4,1.5,9,0.1604630986131369,0.16131240534783406,0.34902337444509046,0.22371428571428573
4,2.0,0,0.23130146955764086,0.2350151409751095,0.4940000076223636,0.3205
4,2.0,1,0.23368125488707714,0.23480454780613547,0.48594761261895403,0.3176
4,2.0,2,0.22968297065504878,0.23353501609490962,0.4863227713129668,0.31645
4,2.0,3,0.2332022481159903,0.23049749839276445,0.49307196961203387,0.3188892857142857
4,2.0,4,0.23344975090647957,0.2327654560394726,0.49169631555812876,0.31936785714285715
4,2.0,5,0.23313475757028335,0.23466719654544915,0.49319474958342013,0.3206607142857143
4,2.0,6,0.2362195780148354,0.23320738057894086,0.4861279645081465,0.318275
4,2.0,7,0.23399188219163408,0.23501587185410644,0.4911050851599657,0.31981785714285715
4,2.0,8,0.2334611319555548,0.23612551949779056,0.4910417169220932,0.32001785714285713
4,2.0,9,0.23301285631873284,0.23303501457593132,0.49119707730349893,0.31915714285714286
4,3.0,0,0.3513761732856633,0.34675104842043447,0.6799808906276106,0.459525
4,3.0,1,0.35129671119114875,0.3492978016775882,0.6764603232537767,0.4594107142857143
4,3.0,2,0.34872541707509797,0.3512811491752518,0.6801078701894646,0.460125
4,3.0,3,0.3489359264819183,0.3506544189778492,0.6804956272238001,0.46049285714285715
4,3.0,4,0.3467061019159817,0.3497416343835719,0.6788142827342163,0.45810357142857144
4,3.0,5,0.34822542548570595,0.34754203142856716,0.6795651589878502,0.4584857142857143
4,3.0,6,0.35108573015645783,0.35076395513838077,0.6798601167009826,0.4602857142857143
4,3.0,7,0.34695364128266015,0.35238709858866946,0.6784189209362338,0.45932142857142855
4,3.0,8,0.34697066258215076,0.35000525492757495,0.6798407068314033,0.459125
4,3.0,9,0.3533945321035607,0.3473635907712608,0.6823982165903766,0.46100714285714284
4,4.0,0,0.4336383832747634,0.4359145039685737,0.7842034454879631,0.5509071428571428
4,4.0,1,0.431432847559812,0.42975311324027704,0.7857659497788729,0.5489642857142857
4,4.0,2,0.4295723196490262,0.43247715347714155,0.7848255775282635,0.54935
4,4.0,3,0.4341924576715506,0.43166979577439213,0.7875024947365483,0.550875
4,4.0,4,0.43617117219916485,0.43177781883420946,0.783937027440939,0.5508035714285714
4,4.0,5,0.4325706193006763,0.4346804570423136,0.7835808065390442,0.5498642857142857
4,4.0,6,0.43087157706930374,0.42868800743019797,0.7846625624858197,0.5480428571428572
4,4.0,7,0.4331592139427295,0.4357128559604179,0.7864083285281271,0.5520571428571428
4,4.0,8,0.43150721015518906,0.433509271068708,0.7868828039669997,0.5506214285714286
4,4.0,9,0.43095393800424653,0.43379312096082323,0.7863246277083327,0.54985
