group,variant,load,rep,bp,utilization
spectrum,"FF",150.0,0,0.0,0.15780597817494355
spectrum,"FF",150.0,1,0.0,0.15753879938068144
spectrum,"FF",150.0,2,0.0,0.15627578633428418
spectrum,"FF",150.0,3,0.0,0.15673381787576077
spectrum,"FF",150.0,4,0.0,0.15641362549162735
spectrum,"FF",200.0,0,1.4504438784869312E-4,0.21061720242386173
spectrum,"FF",200.0,1,1.0301313417460727E-4,0.20992468355414068
spectrum,"FF",200.0,2,1.1153819754272772E-4,0.20844006328960105
spectrum,"FF",200.0,3,2.9955494693598085E-4,0.208745201965057
spectrum,"FF",200.0,4,1.4562961249673403E-4,0.208419853548386
spectrum,"FF",250.0,0,0.0030160957983695167,0.2620861331038174
spectrum,"FF",250.0,1,0.002643016814907301,0.26071991341938966
spectrum,"FF",250.0,2,0.003447787883855862,0.2598923286375975
spectrum,"FF",250.0,3,0.00391014369992,0.2600130773714423
spectrum,"FF",250.0,4,0.002455391577107009,0.25951024092355107
spectrum,"FF",300.0,0,0.021082112651402272,0.306547584325601
spectrum,"FF",300.0,1,0.017865630928267692,0.30300626141124865
spectrum,"FF",300.0,2,0.01968476898511409,0.3044137135249437
spectrum,"FF",300.0,3,0.020467173391391383,0.3041936252868568
spectrum,"FF",300.0,4,0.019724077080236945,0.3040496644609388
spectrum,"FF",350.0,0,0.04721495182978286,0.33801340365257454
spectrum,"FF",350.0,1,0.04772026464688801,0.33756781887254345
spectrum,"FF",350.0,2,0.047574278465362475,0.33745364501239933
spectrum,"FF",350.0,3,0.04901939853027204,0.3365024479646425
spectrum,"FF",350.0,4,0.04607110947713117,0.33783331008005024
spectrum,"FF",400.0,0,0.07992420353830887,0.36577167992886256
spectrum,"FF",400.0,1,0.08356350638356094,0.36647772208207224
spectrum,"FF",400.0,2,0.08164618134852411,0.36723998014995624
spectrum,"FF",400.0,3,0.08453151210160556,0.3646250876731582
spectrum,"FF",400.0,4,0.07943045170036508,0.36517810938962403
spectrum,"LF",150.0,0,0.0,0.15780597817494355
spectrum,"LF",150.0,1,0.0,0.15753879938068144
spectrum,"LF",150.0,2,0.0,0.15627578633428418
spectrum,"LF",150.0,3,0.0,0.15673381787576077
spectrum,"LF",150.0,4,0.0,0.15641362549162735
spectrum,"LF",200.0,0,1.4504438784869312E-4,0.21061720242386173
spectrum,"LF",200.0,1,1.0301313417460727E-4,0.20992468355414068
spectrum,"LF",200.0,2,1.1153819754272772E-4,0.20844006328960105
spectrum,"LF",200.0,3,2.9955494693598085E-4,0.208745201965057
spectrum,"LF",200.0,4,1.4562961249673403E-4,0.208419853548386
spectrum,"LF",250.0,0,0.0030160957983695167,0.2620861331038174
spectrum,"LF",250.0,1,0.002643016814907301,0.26071991341938966
spectrum,"LF",250.0,2,0.003447787883855862,0.2598923286375975
spectrum,"LF",250.0,3,0.00391014369992,0.2600130773714423
spectrum,"LF",250.0,4,0.002455391577107009,0.25951024092355107
spectrum,"LF",300.0,0,0.021082112651402272,0.306547584325601
spectrum,"LF",300.0,1,0.017865630928267692,0.30300626141124865
spectrum,"LF",300.0,2,0.01968476898511409,0.3044137135249437
spectrum,"LF",300.0,3,0.020467173391391383,0.3041936252868568
spectrum,"LF",300.0,4,0.019724077080236945,0.3040496644609388
spectrum,"LF",350.0,0,0.04721495182978286,0.33801340365257454
spectrum,"LF",350.0,1,0.04772026464688801,0.33756781887254345
spectrum,"LF",350.0,2,0.047574278465362475,0.33745364501239933
spectrum,"LF",350.0,3,0.04901939853027204,0.3365024479646425
spectrum,"LF",350.0,4,0.04607110947713117,0.33783331008005024
spectrum,"LF",400.0,0,0.07992420353830887,0.36577167992886256
spectrum,"LF",400.0,1,0.08356350638356094,0.36647772208207224
spectrum,"LF",400.0,2,0.08164618134852411,0.36723998014995624
spectrum,"LF",400.0,3,0.08453151210160556,0.3646250876731582
spectrum,"LF",400.0,4,0.07943045170036508,0.36517810938962403
spectrum,"EF",150.0,0,0.0,0.15780597817494355
spectrum,"EF",150.0,1,0.0,0.15753879938068144
spectrum,"EF",150.0,2,0.0,0.15627578633428418
spectrum,"EF",150.0,3,0.0,0.15673381787576077
spectrum,"EF",150.0,4,0.0,0.15641362549162735
spectrum,"EF",200.0,0,1.066471004786322E-4,0.21057949221713942
spectrum,"EF",200.0,1,1.1586391568539942E-4,0.2098927873476719
spectrum,"EF",200.0,2,8.577359202648688E-5,0.20835645973767905
spectrum,"EF",200.0,3,2.9960751415645506E-4,0.20882776435371508
spectrum,"EF",200.0,4,1.285011201014302E-4,0.20835837666359372
spectrum,"EF",250.0,0,0.003921535159400376,0.2622603955348691
spectrum,"EF",250.0,1,0.004473246298742516,0.2606771634453937
spectrum,"EF",250.0,2,0.004318895596697416,0.2584174556314306
spectrum,"EF",250.0,3,0.004104348124124399,0.2584558041010312
spectrum,"EF",250.0,4,0.003447434124030543,0.25817354204649473
spectrum,"EF",300.0,0,0.02099866383781638,0.30369781204221996
spectrum,"EF",300.0,1,0.019961439588688946,0.30207880749011506
spectrum,"EF",300.0,2,0.02132955207512252,0.3019171406283412
spectrum,"EF",300.0,3,0.021277598940406435,0.30206333215035397
spectrum,"EF",300.0,4,0.019796767455398417,0.3025812210452251
spectrum,"EF",350.0,0,0.04616149025755687,0.3377365254701732
spectrum,"EF",350.0,1,0.04784567956814976,0.3366529434601559
spectrum,"EF",350.0,2,0.04888751757002297,0.33529065658046886
spectrum,"EF",350.0,3,0.04707654929365859,0.33479695057805137
spectrum,"EF",350.0,4,0.045421696535857994,0.33770484466845024
spectrum,"EF",400.0,0,0.0771740757371651,0.3650043454396857
spectrum,"EF",400.0,1,0.07830773445660177,0.36425147876710406
spectrum,"EF",400.0,2,0.08028030857931011,0.36364834822696923
spectrum,"EF",400.0,3,0.07904755786813987,0.3630009581530035
spectrum,"EF",400.0,4,0.07375762113595037,0.3644514298269968
spectrum,"RF",150.0,0,8.539891970366575E-4,0.1575511465413023
spectrum,"RF",150.0,1,0.0010042530546030411,0.15718948668213445
spectrum,"RF",150.0,2,9.42321365851987E-4,0.15609166806040678
spectrum,"RF",150.0,3,0.001207931225022167,0.1563411294050443
spectrum,"RF",150.0,4,9.329835358364112E-4,0.15626781908595905
spectrum,"RF",200.0,0,0.008676946978006734,0.2076689881482853
spectrum,"RF",200.0,1,0.008484199250133904,0.20609265550998163
spectrum,"RF",200.0,2,0.008703134498317593,0.2042524454964959
spectrum,"RF",200.0,3,0.009813786400284309,0.2059300782469805
spectrum,"RF",200.0,4,0.008913982633987768,0.20523467487781596
spectrum,"RF",250.0,0,0.028400495705311737,0.2491381658641417
spectrum,"RF",250.0,1,0.030244830941898202,0.24893567007801382
spectrum,"RF",250.0,2,0.029328925335966684,0.24560230912876707
spectrum,"RF",250.0,3,0.029361860353795458,0.24744455887922856
spectrum,"RF",250.0,4,0.02858486331673328,0.24907584662342222
spectrum,"RF",300.0,0,0.057325983848224585,0.2845788926043563
spectrum,"RF",300.0,1,0.05956092741573322,0.2828894081493654
spectrum,"RF",300.0,2,0.058580904074466304,0.28096693206155454
spectrum,"RF",300.0,3,0.05662872304005478,0.2812175006859853
spectrum,"RF",300.0,4,0.05341774868548128,0.28173775566255116
spectrum,"RF",350.0,0,0.0907854965519895,0.3125450182930317
spectrum,"RF",350.0,1,0.09114413331042776,0.3100746713976794
spectrum,"RF",350.0,2,0.09027336026820253,0.31011563916376506
spectrum,"RF",350.0,3,0.09039535947405093,0.3111088470286003
spectrum,"RF",350.0,4,0.08959866994609511,0.31044931636881473
spectrum,"RF",400.0,0,0.12212345446530598,0.33698547797568307
spectrum,"RF",400.0,1,0.1256261562697183,0.33650385298125823
spectrum,"RF",400.0,2,0.12418821774411337,0.33612297436357647
spectrum,"RF",400.0,3,0.12655638143193526,0.33569010668937044
spectrum,"RF",400.0,4,0.12217446638927336,0.33634185234792463
routing,"SP (Dijkstra)",150.0,0,0.0,0.15780597817494355
routing,"SP (Dijkstra)",150.0,1,0.0,0.15753879938068144
routing,"SP (Dijkstra)",150.0,2,0.0,0.15627578633428418
routing,"SP (Dijkstra)",150.0,3,0.0,0.15673381787576077
routing,"SP (Dijkstra)",150.0,4,0.0,0.15641362549162735
routing,"SP (Dijkstra)",200.0,0,1.4504438784869312E-4,0.21061720242386173
routing,"SP (Dijkstra)",200.0,1,1.0301313417460727E-4,0.20992468355414068
routing,"SP (Dijkstra)",200.0,2,1.1153819754272772E-4,0.20844006328960105
routing,"SP (Dijkstra)",200.0,3,2.9955494693598085E-4,0.208745201965057
routing,"SP (Dijkstra)",200.0,4,1.4562961249673403E-4,0.208419853548386
routing,"SP (Dijkstra)",250.0,0,0.0030160957983695167,0.2620861331038174
routing,"SP (Dijkstra)",250.0,1,0.002643016814907301,0.26071991341938966
routing,"SP (Dijkstra)",250.0,2,0.003447787883855862,0.2598923286375975
routing,"SP (Dijkstra)",250.0,3,0.00391014369992,0.2600130773714423
routing,"SP (Dijkstra)",250.0,4,0.002455391577107009,0.25951024092355107
routing,"SP (Dijkstra)",300.0,0,0.021082112651402272,0.306547584325601
routing,"SP (Dijkstra)",300.0,1,0.017865630928267692,0.30300626141124865
routing,"SP (Dijkstra)",300.0,2,0.01968476898511409,0.3044137135249437
routing,"SP (Dijkstra)",300.0,3,0.020467173391391383,0.3041936252868568
routing,"SP (Dijkstra)",300.0,4,0.019724077080236945,0.3040496644609388
routing,"SP (Dijkstra)",350.0,0,0.04721495182978286,0.33801340365257454
routing,"SP (Dijkstra)",350.0,1,0.04772026464688801,0.33756781887254345
routing,"SP (Dijkstra)",350.0,2,0.047574278465362475,0.33745364501239933
routing,"SP (Dijkstra)",350.0,3,0.04901939853027204,0.3365024479646425
routing,"SP (Dijkstra)",350.0,4,0.04607110947713117,0.33783331008005024
routing,"SP (Dijkstra)",400.0,0,0.07992420353830887,0.36577167992886256
routing,"SP (Dijkstra)",400.0,1,0.08356350638356094,0.36647772208207224
routing,"SP (Dijkstra)",400.0,2,0.08164618134852411,0.36723998014995624
routing,"SP (Dijkstra)",400.0,3,0.08453151210160556,0.3646250876731582
routing,"SP (Dijkstra)",400.0,4,0.07943045170036508,0.36517810938962403
routing,"KSP (k=3)",150.0,0,0.0,0.15780597817494355
routing,"KSP (k=3)",150.0,1,0.0,0.15753879938068144
routing,"KSP (k=3)",150.0,2,0.0,0.15627578633428418
routing,"KSP (k=3)",150.0,3,0.0,0.15673381787576077
routing,"KSP (k=3)",150.0,4,0.0,0.15641362549162735
routing,"KSP (k=3)",200.0,0,5.120087382824667E-5,0.21057283999924858
routing,"KSP (k=3)",200.0,1,0.0,0.21002266406754888
routing,"KSP (k=3)",200.0,2,3.430973109748252E-5,0.2083590865383872
routing,"KSP (k=3)",200.0,3,3.423880711995994E-5,0.20891412695410566
routing,"KSP (k=3)",200.0,4,1.7135023989033583E-5,0.20849342495082807
routing,"KSP (k=3)",250.0,0,5.119825243298362E-4,0.2628144451273763
routing,"KSP (k=3)",250.0,1,4.8065781455191534E-4,0.26232368005253637
routing,"KSP (k=3)",250.0,2,3.9460421626026724E-4,0.26024052891452876
routing,"KSP (k=3)",250.0,3,7.447769307485864E-4,0.2605246603403225
routing,"KSP (k=3)",250.0,4,4.369955272222508E-4,0.26056534066582515
routing,"KSP (k=3)",300.0,0,0.003761147897215214,0.3132359153277035
routing,"KSP (k=3)",300.0,1,0.004417245268615687,0.31178565277611475
routing,"KSP (k=3)",300.0,2,0.004010758269239844,0.3093540094442173
routing,"KSP (k=3)",300.0,3,0.004417770395801406,0.3095443880101803
routing,"KSP (k=3)",300.0,4,0.0034146362362739765,0.3108477379063201
routing,"KSP (k=3)",350.0,0,0.012857210092375096,0.3591909007831278
routing,"KSP (k=3)",350.0,1,0.013559554471781641,0.356421654117476
routing,"KSP (k=3)",350.0,2,0.012824312078303033,0.3565996188106814
routing,"KSP (k=3)",350.0,3,0.014230155436424235,0.3560056548060444
routing,"KSP (k=3)",350.0,4,0.013329793565901762,0.35512426355093424
routing,"KSP (k=3)",400.0,0,0.028845249596046816,0.4001171227120453
routing,"KSP (k=3)",400.0,1,0.02903620855028775,0.3959716264556296
routing,"KSP (k=3)",400.0,2,0.02641883710745292,0.3940941173818802
routing,"KSP (k=3)",400.0,3,0.029654614485731284,0.3963420152517604
routing,"KSP (k=3)",400.0,4,0.02922848601232609,0.3944786904096683
modulation,"Distance-adaptive",150.0,0,0.0,0.15780597817494355
modulation,"Distance-adaptive",150.0,1,0.0,0.15753879938068144
modulation,"Distance-adaptive",150.0,2,0.0,0.15627578633428418
modulation,"Distance-adaptive",150.0,3,0.0,0.15673381787576077
modulation,"Distance-adaptive",150.0,4,0.0,0.15641362549162735
modulation,"Distance-adaptive",200.0,0,1.4504438784869312E-4,0.21061720242386173
modulation,"Distance-adaptive",200.0,1,1.0301313417460727E-4,0.20992468355414068
modulation,"Distance-adaptive",200.0,2,1.1153819754272772E-4,0.20844006328960105
modulation,"Distance-adaptive",200.0,3,2.9955494693598085E-4,0.208745201965057
modulation,"Distance-adaptive",200.0,4,1.4562961249673403E-4,0.208419853548386
modulation,"Distance-adaptive",250.0,0,0.0030160957983695167,0.2620861331038174
modulation,"Distance-adaptive",250.0,1,0.002643016814907301,0.26071991341938966
modulation,"Distance-adaptive",250.0,2,0.003447787883855862,0.2598923286375975
modulation,"Distance-adaptive",250.0,3,0.00391014369992,0.2600130773714423
modulation,"Distance-adaptive",250.0,4,0.002455391577107009,0.25951024092355107
modulation,"Distance-adaptive",300.0,0,0.021082112651402272,0.306547584325601
modulation,"Distance-adaptive",300.0,1,0.017865630928267692,0.30300626141124865
modulation,"Distance-adaptive",300.0,2,0.01968476898511409,0.3044137135249437
modulation,"Distance-adaptive",300.0,3,0.020467173391391383,0.3041936252868568
modulation,"Distance-adaptive",300.0,4,0.019724077080236945,0.3040496644609388
modulation,"Distance-adaptive",350.0,0,0.04721495182978286,0.33801340365257454
modulation,"Distance-adaptive",350.0,1,0.04772026464688801,0.33756781887254345
modulation,"Distance-adaptive",350.0,2,0.047574278465362475,0.33745364501239933
modulation,"Distance-adaptive",350.0,3,0.04901939853027204,0.3365024479646425
modulation,"Distance-adaptive",350.0,4,0.04607110947713117,0.33783331008005024
modulation,"Distance-adaptive",400.0,0,0.07992420353830887,0.36577167992886256
modulation,"Distance-adaptive",400.0,1,0.08356350638356094,0.36647772208207224
modulation,"Distance-adaptive",400.0,2,0.08164618134852411,0.36723998014995624
modulation,"Distance-adaptive",400.0,3,0.08453151210160556,0.3646250876731582
modulation,"Distance-adaptive",400.0,4,0.07943045170036508,0.36517810938962403
modulation,"Fixed (4QAM)",150.0,0,3.413886838186031E-5,0.1883990493844853
modulation,"Fixed (4QAM)",150.0,1,1.2014846917977214E-4,0.18802715663369393
modulation,"Fixed (4QAM)",150.0,2,3.430825971352603E-5,0.18683902608822262
modulation,"Fixed (4QAM)",150.0,3,1.0274016583975103E-4,0.1871139696638375
modulation,"Fixed (4QAM)",150.0,4,6.85365728286757E-5,0.18683064052899184
modulation,"Fixed (4QAM)",200.0,0,0.0031253597574754937,0.24985609309343584
modulation,"Fixed (4QAM)",200.0,1,0.003357690526424124,0.25033767163896326
modulation,"Fixed (4QAM)",200.0,2,0.0034671478102111576,0.24872892905972518
modulation,"Fixed (4QAM)",200.0,3,0.0039390621524985885,0.24912756195718722
modulation,"Fixed (4QAM)",200.0,4,0.0024911610865229043,0.24869334103379315
modulation,"Fixed (4QAM)",250.0,0,0.023625508379459124,0.30530883431666034
modulation,"Fixed (4QAM)",250.0,1,0.022901122797104614,0.3025354718414146
modulation,"Fixed (4QAM)",250.0,2,0.024479867286112747,0.30141032167174975
modulation,"Fixed (4QAM)",250.0,3,0.02527998632127896,0.30163845348683327
modulation,"Fixed (4QAM)",250.0,4,0.023237398986440214,0.3029743651564382
modulation,"Fixed (4QAM)",300.0,0,0.05885996992275617,0.34431834790074217
modulation,"Fixed (4QAM)",300.0,1,0.06206270499875823,0.3433793198789206
modulation,"Fixed (4QAM)",300.0,2,0.060133716361575225,0.3420958467288485
modulation,"Fixed (4QAM)",300.0,3,0.06024681384976324,0.3423111015750895
modulation,"Fixed (4QAM)",300.0,4,0.059172510098392396,0.3426235371036929
modulation,"Fixed (4QAM)",350.0,0,0.10288249478679493,0.378465491365808
modulation,"Fixed (4QAM)",350.0,1,0.10457164350070951,0.37575596570450887
modulation,"Fixed (4QAM)",350.0,2,0.10202473197037647,0.37718349195534345
modulation,"Fixed (4QAM)",350.0,3,0.10378922566134732,0.3747141340756201
modulation,"Fixed (4QAM)",350.0,4,0.100738342412718,0.3776068875517128
modulation,"Fixed (4QAM)",400.0,0,0.14116452268111035,0.4055975943542432
modulation,"Fixed (4QAM)",400.0,1,0.14240230062137318,0.4044827219817894
modulation,"Fixed (4QAM)",400.0,2,0.13968767567706747,0.40515167590278495
modulation,"Fixed (4QAM)",400.0,3,0.14430917011057745,0.40309198063056473
modulation,"Fixed (4QAM)",400.0,4,0.14140394404756812,0.403766600375442
