slots,load_per_direction,warmup,rep,avg_power_w,static_power_w,bp,circuit_power_w,sim_time
20,5.0,0,0,19498.07656917586,16840.0,0.0,266.81600000000003,12064.308346915632
20,5.0,0,1,19507.13114577105,16840.0,0.0,266.81600000000003,11996.510103899725
20,5.0,0,2,19493.777134422748,16840.0,0.0,266.81600000000003,12019.8289542099
20,5.0,0,3,19504.93749435719,16840.0,0.0,266.81600000000003,11956.525089135037
20,5.0,0,4,19494.45733391151,16840.0,0.0,266.81600000000003,12010.50542383945
20,5.0,0,5,19509.83177728435,16840.0,0.0,266.81600000000003,12033.380388811549
20,5.0,0,6,19498.89129504184,16840.0,0.0,266.81600000000003,12043.177991366661
20,5.0,0,7,19521.084592342628,16840.0,0.0,266.81600000000003,11953.536730593816
20,5.0,0,8,19509.67059614813,16840.0,0.0,266.81600000000003,11965.531379737802
20,5.0,0,9,19507.58264356154,16840.0,0.0,266.81600000000003,12025.144802620398
20,10.0,0,0,22146.24543646802,16840.0,0.00185,266.81600000000003,6031.96439262983
20,10.0,0,1,22163.928058905538,16840.0,0.0017583333333333333,266.81600000000003,5998.464261049878
20,10.0,0,2,22135.953491230324,16840.0,0.0016416666666666667,266.81600000000003,6012.291199885631
20,10.0,0,3,22160.554121951252,16840.0,0.00215,266.81600000000003,5978.210965693736
20,10.0,0,4,22142.361093380514,16840.0,0.0015666666666666667,266.81600000000003,6002.361945913007
20,10.0,0,5,22169.80099868973,16840.0,0.001875,266.81600000000003,6013.865092608018
20,10.0,0,6,22145.690250286545,16840.0,0.002075,266.81600000000003,6019.711298434955
20,10.0,0,7,22187.408433933575,16840.0,0.0023833333333333332,266.81600000000003,5978.202900887348
20,10.0,0,8,22168.05653804399,16840.0,0.00175,266.81600000000003,5983.957649852531
20,10.0,0,9,22162.12659599525,16840.0,0.002,266.81600000000003,6014.6525273867155
20,15.0,0,0,24443.158252587895,16840.0,0.046033333333333336,266.81600000000003,4020.7641111258945
20,15.0,0,1,24454.587268867275,16840.0,0.045158333333333335,266.81600000000003,4001.841863120345
20,15.0,0,2,24463.261509532625,16840.0,0.04384166666666667,266.81600000000003,4002.776090259904
20,15.0,0,3,24467.863713032973,16840.0,0.044175,266.81600000000003,3987.9921769303996
20,15.0,0,4,24482.806645027667,16840.0,0.04331666666666667,266.81600000000003,4005.187324074452
20,15.0,0,5,24477.73807465846,16840.0,0.045491666666666666,266.81600000000003,4013.468994233443
20,15.0,0,6,24453.183948767615,16840.0,0.04335,266.81600000000003,4015.7803613855176
20,15.0,0,7,24498.043212984583,16840.0,0.04600833333333333,266.81600000000003,3992.723383966625
20,15.0,0,8,24474.689688671304,16840.0,0.04646666666666667,266.81600000000003,3990.7446772021635
20,15.0,0,9,24474.608514895248,16840.0,0.0452,266.81600000000003,4011.4662555505374
20,20.0,0,0,25790.10569637957,16840.0,0.15865833333333335,266.81600000000003,3017.852167916136
20,20.0,0,1,25810.68054538715,16840.0,0.1571,266.81600000000003,2999.649149154719
20,20.0,0,2,25800.518772846004,16840.0,0.15665,266.81600000000003,3004.205181728524
20,20.0,0,3,25819.103681890887,16840.0,0.15843333333333334,266.81600000000003,2990.616408846859
20,20.0,0,4,25815.79545529427,16840.0,0.15498333333333333,266.81600000000003,2996.762749140617
20,20.0,0,5,25812.271539036356,16840.0,0.15844166666666668,266.81600000000003,3016.326638934522
20,20.0,0,6,25803.66924666651,16840.0,0.15711666666666665,266.81600000000003,3004.8983586319737
20,20.0,0,7,25844.2963359535,16840.0,0.16054166666666667,266.81600000000003,2980.526586195414
20,20.0,0,8,25805.212214737432,16840.0,0.15755833333333333,266.81600000000003,2994.7244872296815
20,20.0,0,9,25790.100586082917,16840.0,0.15683333333333332,266.81600000000003,3006.566768858441
20,25.0,0,0,26450.505654690798,16840.0,0.2795416666666667,266.81600000000003,2407.4952394656066
20,25.0,0,1,26437.67624523464,16840.0,0.2773083333333333,266.81600000000003,2403.8211246279425
20,25.0,0,2,26443.042582872138,16840.0,0.2756166666666667,266.81600000000003,2403.2485716900874
20,25.0,0,3,26443.659314488516,16840.0,0.27900833333333336,266.81600000000003,2387.1168706016415
20,25.0,0,4,26444.468814772594,16840.0,0.278975,266.81600000000003,2393.8423006611747
20,25.0,0,5,26427.201206218615,16840.0,0.276925,266.81600000000003,2421.5135836629847
20,25.0,0,6,26430.44745936685,16840.0,0.27903333333333336,266.81600000000003,2409.5285525668846
20,25.0,0,7,26440.501771852796,16840.0,0.2806,266.81600000000003,2392.1035918867387
20,25.0,0,8,26442.34222713677,16840.0,0.279825,266.81600000000003,2393.102750547842
20,25.0,0,9,26440.494146832298,16840.0,0.27789166666666665,266.81600000000003,2412.4483132089163
20,5.0,20000,0,16242.026548060803,16840.0,0.0,266.81600000000003,12064.308346915632
20,5.0,20000,1,16214.294853516207,16840.0,0.0,266.81600000000003,11996.510103899725
20,5.0,20000,2,16240.813397733213,16840.0,0.0,266.81600000000003,12019.8289542099
20,5.0,20000,3,16245.765328671861,16840.0,0.0,266.81600000000003,11956.525089135037
20,5.0,20000,4,16241.075733359303,16840.0,0.0,266.81600000000003,12010.50542383945
20,5.0,20000,5,16261.126763405897,16840.0,0.0,266.81600000000003,12033.380388811549
20,5.0,20000,6,16245.217129769891,16840.0,0.0,266.81600000000003,12043.177991366661
20,5.0,20000,7,16301.164639829532,16840.0,0.0,266.81600000000003,11953.536730593816
20,5.0,20000,8,16243.212601799894,16840.0,0.0,266.81600000000003,11965.531379737802
20,5.0,20000,9,16237.431289810096,16840.0,0.0,266.81600000000003,12025.144802620398
20,10.0,20000,0,18453.538809128062,16840.0,0.00198,266.81600000000003,6031.96439262983
20,10.0,20000,1,18431.506604431866,16840.0,0.00178,266.81600000000003,5998.464261049878
20,10.0,20000,2,18446.11854242226,16840.0,0.00167,266.81600000000003,6012.291199885631
20,10.0,20000,3,18453.350157514637,16840.0,0.00216,266.81600000000003,5978.210965693736
20,10.0,20000,4,18448.391855657555,16840.0,0.00165,266.81600000000003,6002.361945913007
20,10.0,20000,5,18481.21934173471,16840.0,0.00197,266.81600000000003,6013.865092608018
20,10.0,20000,6,18452.515859779283,16840.0,0.00218,266.81600000000003,6019.711298434955
20,10.0,20000,7,18518.53888740837,16840.0,0.00237,266.81600000000003,5978.202900887348
20,10.0,20000,8,18459.721792123222,16840.0,0.00161,266.81600000000003,5983.957649852531
20,10.0,20000,9,18447.617018926492,16840.0,0.00203,266.81600000000003,6014.6525273867155
20,15.0,20000,0,20366.891320689214,16840.0,0.04668,266.81600000000003,4020.7641111258945
20,15.0,20000,1,20351.29360879264,16840.0,0.04555,266.81600000000003,4001.841863120345
20,15.0,20000,2,20378.766653313876,16840.0,0.0445,266.81600000000003,4002.776090259904
20,15.0,20000,3,20364.169331251447,16840.0,0.04415,266.81600000000003,3987.9921769303996
20,15.0,20000,4,20409.09413711924,16840.0,0.04366,266.81600000000003,4005.187324074452
20,15.0,20000,5,20408.60750911817,16840.0,0.0453,266.81600000000003,4013.468994233443
20,15.0,20000,6,20390.6382429132,16840.0,0.04347,266.81600000000003,4015.7803613855176
20,15.0,20000,7,20455.875807387918,16840.0,0.04565,266.81600000000003,3992.723383966625
20,15.0,20000,8,20371.01539645459,16840.0,0.04599,266.81600000000003,3990.7446772021635
20,15.0,20000,9,20369.306861369823,16840.0,0.04514,266.81600000000003,4011.4662555505374
20,20.0,20000,0,21491.61650030004,16840.0,0.15983,266.81600000000003,3017.852167916136
20,20.0,20000,1,21484.360433093043,16840.0,0.15849,266.81600000000003,2999.649149154719
20,20.0,20000,2,21502.815092756246,16840.0,0.15669,266.81600000000003,3004.205181728524
20,20.0,20000,3,21498.93525875636,16840.0,0.15898,266.81600000000003,2990.616408846859
20,20.0,20000,4,21513.031741315677,16840.0,0.15484,266.81600000000003,2996.762749140617
20,20.0,20000,5,21508.248391711608,16840.0,0.15859,266.81600000000003,3016.326638934522
20,20.0,20000,6,21492.113079973333,16840.0,0.15874,266.81600000000003,3004.8983586319737
20,20.0,20000,7,21584.310316611292,16840.0,0.1587,266.81600000000003,2980.526586195414
20,20.0,20000,8,21489.640816266026,16840.0,0.15771,266.81600000000003,2994.7244872296815
20,20.0,20000,9,21468.372331231603,16840.0,0.15677,266.81600000000003,3006.566768858441
20,25.0,20000,0,22059.41334689488,16840.0,0.27922,266.81600000000003,2407.4952394656066
20,25.0,20000,1,21996.467386255747,16840.0,0.27868,266.81600000000003,2403.8211246279425
20,25.0,20000,2,22026.148478985233,16840.0,0.27608,266.81600000000003,2403.2485716900874
20,25.0,20000,3,22032.601384383193,16840.0,0.27911,266.81600000000003,2387.1168706016415
20,25.0,20000,4,22023.380597362444,16840.0,0.28006,266.81600000000003,2393.8423006611747
20,25.0,20000,5,22001.359693792532,16840.0,0.27705,266.81600000000003,2421.5135836629847
20,25.0,20000,6,22012.611732920966,16840.0,0.2811,266.81600000000003,2409.5285525668846
20,25.0,20000,7,22060.192608665497,16840.0,0.27979,266.81600000000003,2392.1035918867387
20,25.0,20000,8,22049.775301440255,16840.0,0.27816,266.81600000000003,2393.102750547842
20,25.0,20000,9,21992.621447036436,16840.0,0.27912,266.81600000000003,2412.4483132089163
20,5.0,60000,0,9793.005995402045,16840.0,0.0,266.81600000000003,12064.308346915632
20,5.0,60000,1,9706.815864784983,16840.0,0.0,266.81600000000003,11996.510103899725
20,5.0,60000,2,9784.043452836966,16840.0,0.0,266.81600000000003,12019.8289542099
20,5.0,60000,3,9762.277714371245,16840.0,0.0,266.81600000000003,11956.525089135037
20,5.0,60000,4,9765.025192618043,16840.0,0.0,266.81600000000003,12010.50542383945
20,5.0,60000,5,9744.195304876534,16840.0,0.0,266.81600000000003,12033.380388811549
20,5.0,60000,6,9734.110982624552,16840.0,0.0,266.81600000000003,12043.177991366661
20,5.0,60000,7,9798.34888344962,16840.0,0.0,266.81600000000003,11953.536730593816
20,5.0,60000,8,9787.200986142272,16840.0,0.0,266.81600000000003,11965.531379737802
20,5.0,60000,9,9727.256371907804,16840.0,0.0,266.81600000000003,12025.144802620398
20,10.0,60000,0,11123.007207997764,16840.0,0.0020833333333333333,266.81600000000003,6031.96439262983
20,10.0,60000,1,11038.071561173927,16840.0,0.0017,266.81600000000003,5998.464261049878
20,10.0,60000,2,11108.962908341604,16840.0,0.0017666666666666666,266.81600000000003,6012.291199885631
20,10.0,60000,3,11096.010827251088,16840.0,0.0016666666666666668,266.81600000000003,5978.210965693736
20,10.0,60000,4,11093.38727800841,16840.0,0.0015333333333333334,266.81600000000003,6002.361945913007
20,10.0,60000,5,11073.70965693152,16840.0,0.00175,266.81600000000003,6013.865092608018
20,10.0,60000,6,11049.587608283768,16840.0,0.0023,266.81600000000003,6019.711298434955
20,10.0,60000,7,11140.585533292055,16840.0,0.0020666666666666667,266.81600000000003,5978.202900887348
20,10.0,60000,8,11110.826968479501,16840.0,0.0017,266.81600000000003,5983.957649852531
20,10.0,60000,9,11046.497638224775,16840.0,0.0019833333333333335,266.81600000000003,6014.6525273867155
20,15.0,60000,0,12277.413963811305,16840.0,0.04691666666666667,266.81600000000003,4020.7641111258945
20,15.0,60000,1,12188.273341400265,16840.0,0.044816666666666664,266.81600000000003,4001.841863120345
20,15.0,60000,2,12279.669187629806,16840.0,0.04448333333333333,266.81600000000003,4002.776090259904
20,15.0,60000,3,12236.38385260892,16840.0,0.044033333333333334,266.81600000000003,3987.9921769303996
20,15.0,60000,4,12282.53947226331,16840.0,0.044283333333333334,266.81600000000003,4005.187324074452
20,15.0,60000,5,12255.022153264803,16840.0,0.04513333333333333,266.81600000000003,4013.468994233443
20,15.0,60000,6,12213.013900890197,16840.0,0.04276666666666667,266.81600000000003,4015.7803613855176
20,15.0,60000,7,12298.004132067472,16840.0,0.0456,266.81600000000003,3992.723383966625
20,15.0,60000,8,12251.614436878153,16840.0,0.04488333333333333,266.81600000000003,3990.7446772021635
20,15.0,60000,9,12183.40026540671,16840.0,0.0464,266.81600000000003,4011.4662555505374
20,20.0,60000,0,12920.57121910181,16840.0,0.15958333333333333,266.81600000000003,3017.852167916136
20,20.0,60000,1,12856.056557151336,16840.0,0.15895,266.81600000000003,2999.649149154719
20,20.0,60000,2,12931.110993623555,16840.0,0.15838333333333332,266.81600000000003,3004.205181728524
20,20.0,60000,3,12894.919193953936,16840.0,0.16008333333333333,266.81600000000003,2990.616408846859
20,20.0,60000,4,12958.842173064813,16840.0,0.15368333333333334,266.81600000000003,2996.762749140617
20,20.0,60000,5,12895.606167633949,16840.0,0.1605,266.81600000000003,3016.326638934522
20,20.0,60000,6,12875.647306442432,16840.0,0.1574,266.81600000000003,3004.8983586319737
20,20.0,60000,7,12976.51741036869,16840.0,0.15776666666666667,266.81600000000003,2980.526586195414
20,20.0,60000,8,12950.268473190183,16840.0,0.15388333333333334,266.81600000000003,2994.7244872296815
20,20.0,60000,9,12846.79444612492,16840.0,0.15721666666666667,266.81600000000003,3006.566768858441
20,25.0,60000,0,13267.311748577542,16840.0,0.27723333333333333,266.81600000000003,2407.4952394656066
20,25.0,60000,1,13141.672935962702,16840.0,0.27691666666666664,266.81600000000003,2403.8211246279425
20,25.0,60000,2,13270.370639052744,16840.0,0.27313333333333334,266.81600000000003,2403.2485716900874
20,25.0,60000,3,13200.210156023919,16840.0,0.27976666666666666,266.81600000000003,2387.1168706016415
20,25.0,60000,4,13225.40861512699,16840.0,0.2778,266.81600000000003,2393.8423006611747
20,25.0,60000,5,13164.072125942535,16840.0,0.28005,266.81600000000003,2421.5135836629847
20,25.0,60000,6,13242.763307595538,16840.0,0.27536666666666665,266.81600000000003,2409.5285525668846
20,25.0,60000,7,13211.711407776174,16840.0,0.28296666666666664,266.81600000000003,2392.1035918867387
20,25.0,60000,8,13261.591778649654,16840.0,0.2765,266.81600000000003,2393.102750547842
20,25.0,60000,9,13159.28245233301,16840.0,0.27631666666666665,266.81600000000003,2412.4483132089163
