length_km,line_amplifiers,ase_w_per_hz,snr_db
20.0,0,1.305241840915822E-17,31.85339008553349
40.0,0,1.45949583086218E-17,31.368271369265432
60.0,0,1.8469643352146523E-17,30.345714863466526
80.0,0,2.820241213934939E-17,28.50743740748582
100.0,1,2.8816508334190713E-17,28.413886390007534
120.0,1,3.0359048233654294E-17,28.187418435048073
140.0,1,3.423373327717902E-17,27.66575733006697
160.0,1,4.396650206438188E-17,26.579080807507992
180.0,2,4.45805982592232E-17,26.5188410336956
200.0,2,4.612313815868678E-17,26.37111147201001
220.0,2,4.999782320221151E-17,26.020788991649063
240.0,2,5.973059198941437E-17,25.248331766064798
260.0,3,6.034468818425569E-17,25.20390948136914
280.0,3,6.188722808371928E-17,25.09428964496522
300.0,3,6.5761913127244E-17,24.83055556574208
320.0,3,7.549468191444686E-17,24.23113636042163
340.0,4,7.610877810928817E-17,24.195952460606954
360.0,4,7.765131800875177E-17,24.10881164072422
380.0,4,8.152600305227649E-17,23.89733844826417
400.0,4,9.125877183947935E-17,23.407553759230012
420.0,5,9.187286803432066E-17,23.378427215219133
440.0,5,9.341540793378426E-17,23.306114810105992
460.0,5,9.729009297730898E-17,23.12961377228557
480.0,5,1.0702286176451183E-16,22.71553435944834
500.0,6,1.0763695795935315E-16,22.690685804494063
520.0,6,1.0917949785881675E-16,22.628889031079105
540.0,6,1.1305418290234146E-16,22.477433601829713
560.0,6,1.2278695168954432E-16,22.118777779656593
580.0,7,1.2340104788438564E-16,22.097111480536782
600.0,7,1.2494358778384922E-16,22.04316023009026
620.0,7,1.2881827282737395E-16,21.910525237486794
640.0,7,1.3855104161457681E-16,21.5942020054564
660.0,8,1.3916513780941813E-16,21.57499541662805
680.0,8,1.407076777088817E-16,21.527122003214245
700.0,8,1.4458236275240644E-16,21.409146779923603
720.0,8,1.543151315396093E-16,21.126214822906935
740.0,9,1.5492922773445062E-16,21.108966395807446
760.0,9,1.564717676339142E-16,21.065940069245343
780.0,9,1.6034645267743893E-16,20.959706391304525
800.0,9,1.700792214646418E-16,20.703787364573838
820.0,10,1.706933176594831E-16,20.688134760748365
840.0,10,1.722358575589467E-16,20.64906423930559
860.0,10,1.7611054260247142E-16,20.55244640508572
880.0,10,1.8584331138967428E-16,20.31883060465374
900.0,11,1.864574075845156E-16,20.304503539619645
920.0,11,1.8799994748397918E-16,20.268722677163716
940.0,11,1.918746325275039E-16,20.180124345895866
960.0,11,2.0160740131470677E-16,19.96523523986062
980.0,12,2.022214975095481E-16,19.95202673521261
1000.0,12,2.0376403740901167E-16,19.919024584518287
1020.0,12,2.076387224525364E-16,19.837216475507965
1040.0,12,2.1737149123973926E-16,19.63827410877563
1060.0,13,2.1798558743458058E-16,19.626022153830014
1080.0,13,2.1952812733404416E-16,19.595398229611664
1100.0,13,2.2340281237756886E-16,19.519413595953527
1120.0,13,2.3313558116477175E-16,19.334214350380254
1140.0,14,2.337496773596131E-16,19.322789755677096
1160.0,14,2.3529221725907667E-16,19.29422433372518
1180.0,14,2.391669023026014E-16,19.223289170946767
1200.0,14,2.4889967108980426E-16,19.050056729564623
1220.0,15,2.495137672846456E-16,19.03935482214401
1240.0,15,2.510563071841092E-16,19.01258859215328
1260.0,15,2.549309922276339E-16,18.94607359350257
1280.0,15,2.646637610148368E-16,18.783355158991785
1300.0,16,2.652778572096781E-16,18.773289948071124
1320.0,16,2.668203971091417E-16,18.748109694698837
1340.0,16,2.706950821526664E-16,18.68549629857866
1360.0,16,2.804278509398693E-16,18.53208851887038
1380.0,17,2.8104194713471063E-16,18.522588499598193
1400.0,17,2.825844870341742E-16,18.49881678846338
1420.0,17,2.864591720776989E-16,18.439672632694478
1440.0,17,2.961919408649018E-16,18.294567581078198
1460.0,18,2.9680603705974315E-16,18.285572653808842
1480.0,18,2.9834857695920673E-16,18.26306024944357
1500.0,18,3.0222326200273143E-16,18.207021069031345
1520.0,18,3.119560307899343E-16,18.06936609757631
1540.0,19,3.1257012698477566E-16,18.06082526477332
1560.0,19,3.1411266688423924E-16,18.03944545585098
1580.0,19,3.1798735192776395E-16,17.986201495701785
1600.0,19,3.2772012071496683E-16,17.855268895052014
1620.0,20,3.2833421690980817E-16,17.84713851159521
1640.0,20,3.2987675680927175E-16,17.82678279527832
1660.0,20,3.3375144185279646E-16,17.776068450745388
1680.0,20,3.4348421063999935E-16,17.651232175566975
1700.0,21,3.440983068348407E-16,17.643474600209494
1720.0,21,3.4564084673430427E-16,17.624049352857384
1740.0,21,3.4951553177782898E-16,17.575635159670373
1760.0,21,3.5924830056503186E-16,17.45635273296061
1780.0,22,3.598623967598732E-16,17.448935275409212
1800.0,22,3.614049366593368E-16,17.430359150946686
1820.0,22,3.652796217028615E-16,17.384045512890786
1840.0,22,3.7501239049006437E-16,17.26984378516088
1860.0,23,3.756264866849057E-16,17.262737874279203
1880.0,23,3.771690265843693E-16,17.24493974737095
1900.0,23,3.81043711627894E-16,17.20055196812813
1920.0,23,3.907764804150969E-16,17.091015786247194
1940.0,24,3.9139057660993823E-16,17.08419630590265
1960.0,24,3.929331165094018E-16,17.067113628531846
1980.0,24,3.968078015529265E-16,17.024497935274074
2000.0,24,4.065405703401294E-16,16.91926103555153
2020.0,25,4.0715466653497074E-16,16.91270578913184
2040.0,25,4.086972064344343E-16,16.896283264727117
2060.0,25,4.1257189147795903E-16,16.855303595010405
2080.0,25,4.223046602651619E-16,16.754041216360033
2100.0,26,4.2291875646000326E-16,16.747730491161754
2120.0,26,4.2446129635946684E-16,16.731918995382546
2140.0,26,4.2833598140299154E-16,16.692454378015785
2160.0,26,4.3806875019019443E-16,16.59487721951718
2180.0,27,4.3868284638503577E-16,16.58879342945777
2200.0,27,4.4022538628449935E-16,16.573549124548812
2220.0,27,4.44100071328024E-16,16.53549152737176
2240.0,27,4.538328401152269E-16,16.44134076691542
2260.0,28,4.544469363100683E-16,16.435468157256203
2280.0,28,4.559894762095319E-16,16.42075175975136
2300.0,28,4.598641612530565E-16,16.384004307877465
2320.0,28,4.695969300402595E-16,16.29304746587398
2340.0,29,4.702110262351008E-16,16.28737186747212
2360.0,29,4.717535661345644E-16,16.273148038451165
2380.0,29,4.75628251178089E-16,16.237623528999183
2400.0,29,4.85361019965292E-16,16.149651010758703
2420.0,30,4.859751161601333E-16,16.144159634202396
2440.0,30,4.875176560595969E-16,16.13039646828602
2460.0,30,4.9139234110312155E-16,16.09601612430324
2480.0,30,5.011251098903245E-16,16.010838311701697
2500.0,31,5.017392060851658E-16,16.005519573805394
2520.0,31,5.032817459846294E-16,15.992188168303496
2540.0,31,5.071564310281541E-16,15.95888058709864
2560.0,31,5.16889199815357E-16,15.87632537803886
2580.0,32,5.175032960101983E-16,15.871168754780541
2600.0,32,5.190458359096619E-16,15.858242844365808
2620.0,32,5.229205209531866E-16,15.825943104955215
2640.0,32,5.326532897403895E-16,15.745853820356132
2660.0,33,5.332673859352309E-16,15.740849721563974
2680.0,33,5.348099258346944E-16,15.728305366865378
2700.0,33,5.386846108782191E-16,15.69695426849297
2720.0,33,5.48417379665422E-16,15.619187862839418
2740.0,34,5.490314758602634E-16,15.614327524878878
2760.0,34,5.505740157597269E-16,15.602142845718989
2780.0,34,5.544487008032516E-16,15.571686255010725
2800.0,34,5.641814695904545E-16,15.496111779119381
2820.0,35,5.647955657852959E-16,15.49138717256454
2840.0,35,5.663381056847595E-16,15.479542118374512
2860.0,35,5.702127907282841E-16,15.449930407045526
2880.0,35,5.799455595154871E-16,15.37642768155691
2900.0,36,5.805596557103284E-16,15.371831431403592
2920.0,36,5.82102195609792E-16,15.360307582766806
2940.0,36,5.859768806533166E-16,15.331495141215903
2960.0,36,5.957096494405196E-16,15.259953607072719
2980.0,37,5.963237456353609E-16,15.255478923503068
3000.0,37,5.978662855348245E-16,15.244259319896402
3020.0,37,6.017409705783491E-16,15.216204134720762
3040.0,37,6.114737393655521E-16,15.146521853031691
3060.0,38,6.120878355603934E-16,15.142162471098878
3080.0,38,6.13630375459857E-16,15.13123146078845
3100.0,38,6.175050605033817E-16,15.103894746396643
3120.0,38,6.272378292905846E-16,15.035977524979314
3140.0,39,6.278519254854259E-16,15.031727651867929
3160.0,39,6.293944653848895E-16,15.021070760625825
3180.0,39,6.332691504284142E-16,14.994416636844106
3200.0,39,6.430019192156171E-16,14.92817726466807
3220.0,40,6.436160154104585E-16,14.92403153341636
3240.0,40,6.45158555309922E-16,14.913635349295788
3260.0,40,6.490332403534467E-16,14.887630558244776
3280.0,40,6.587660091406496E-16,14.822988132164902
3300.0,41,6.59380105335491E-16,14.818941560921495
3320.0,41,6.609226452349545E-16,14.808793632789548
3340.0,41,6.647973302784792E-16,14.783407289427593
3360.0,41,6.745300990656821E-16,14.720286620170903
3380.0,42,6.751441952605235E-16,14.716334576210333
3400.0,42,6.766867351599871E-16,14.706423324113153
3420.0,42,6.805614202035117E-16,14.681626695753982
3440.0,42,6.9029418899071465E-16,14.619957782222048
3460.0,43,6.90908285185556E-16,14.616095950067283
3480.0,43,6.924508250850196E-16,14.606410585809627
3500.0,43,6.963255101285442E-16,14.58217689666748
3520.0,43,7.060582789157472E-16,14.521894459338153
3540.0,44,7.066723751105885E-16,14.51811881244021
3560.0,44,7.082149150100521E-16,14.508649269013713
3580.0,44,7.120896000535767E-16,14.484953526442538
3600.0,44,7.218223688407797E-16,14.425996592073398
3620.0,45,7.22436465035621E-16,14.422303367582135
3640.0,45,7.239790049350846E-16,14.413040236285031
3660.0,45,7.278536899786093E-16,14.389859075885024
3680.0,45,7.375864587658122E-16,14.332170606895428
3700.0,46,7.382005549606535E-16,14.328556283125264
3720.0,46,7.397430948601171E-16,14.319490757389069
3740.0,46,7.436177799036418E-16,14.296802304574411
3760.0,46,7.533505486908447E-16,14.240328867459622
3780.0,47,7.53964644885686E-16,14.236790143711996
3800.0,47,7.555071847851496E-16,14.227913968794637
3820.0,47,7.593818698286743E-16,14.205697714766837
3840.0,47,7.691146386158772E-16,14.150389182713061
3860.0,48,7.697287348107186E-16,14.146922961165886
3880.0,48,7.712712747101821E-16,14.13822838899112
3900.0,48,7.751459597537068E-16,14.11646507935572
3920.0,48,7.848787285409097E-16,14.062274364908436
3940.0,49,7.854928247357511E-16,14.058877734323584
3960.0,49,7.870353646352147E-16,14.050357482847641
3980.0,49,7.909100496787393E-16,14.029029017358557
4000.0,49,8.006428184659422E-16,13.97591183157173
