spans,power_dbm,snr_db,ase_w_per_hz,sci_w_per_hz
1,-10.0,18.506959559524393,2.820241213934939E-17,3.103241495093412E-21
1,-9.9,18.606925386184695,2.820241213934939E-17,3.325183170807004E-21
1,-9.8,18.706888769089918,2.820241213934939E-17,3.5629979609709E-21
1,-9.7,18.806849533508604,2.820241213934939E-17,3.81782109970255E-21
1,-9.6,18.90680749221917,2.820241213934939E-17,4.090869012274751E-21
1,-9.5,19.006762444617596,2.820241213934939E-17,4.383445121850694E-21
1,-9.4,19.10671417576143,2.820241213934939E-17,4.696946071512629E-21
1,-9.3,19.2066624553456,2.820241213934939E-17,5.0328683912857145E-21
1,-9.2,19.30660703660515,2.820241213934939E-17,5.392815641982783E-21
1,-9.1,19.40654765513973,2.820241213934939E-17,5.7785060699718936E-21
1,-9.0,19.50648402765425,2.820241213934939E-17,6.191780809407571E-21
1,-8.9,19.60641585060978,2.820241213934939E-17,6.6346126710799416E-21
1,-8.8,19.706342798778252,2.820241213934939E-17,7.109115559836194E-21
1,-8.7,19.806264523694228,2.820241213934939E-17,7.617554565529544E-21
1,-8.6,19.906180651996294,2.820241213934939E-17,8.16235677566577E-21
1,-8.5,20.00609078365041,2.820241213934939E-17,8.746122861362861E-21
1,-8.4,20.10599449004671,2.820241213934939E-17,9.371639491930268E-21
1,-8.3,20.205891311960897,2.820241213934939E-17,1.0041892637330433E-20
1,-8.2,20.305780757370513,2.820241213934939E-17,1.0760081822022953E-20
1,-8.1,20.405662299115953,2.820241213934939E-17,1.1529635398233837E-20
1,-8.0,20.505535372395176,2.820241213934939E-17,1.2354226911558419E-20
1,-7.9,20.605399372080395,2.820241213934939E-17,1.323779263702083E-20
1,-7.8,20.70525364984409,2.820241213934939E-17,1.418455036930005E-20
1,-7.7,20.80509751108108,2.820241213934939E-17,1.5199019556820228E-20
1,-7.6,20.9049302116121,2.820241213934939E-17,1.6286042875816803E-20
1,-7.5,21.00475095415364,2.820241213934939E-17,1.7450809347365088E-20
1,-7.4,21.104558884537564,2.820241213934939E-17,1.8698879107722576E-20
1,-7.3,21.204353087662952,2.820241213934939E-17,2.0036209950228884E-20
1,-7.2,21.30413258316143,2.820241213934939E-17,2.1469185765464077E-20
1,-7.1,21.40389632075587,2.820241213934939E-17,2.3004647015427173E-20
1,-7.0,21.50364317529114,2.820241213934939E-17,2.464992338720691E-20
1,-6.9,21.603371941413915,2.820241213934939E-17,2.6412868782020153E-20
1,-6.8,21.70308132787721,2.820241213934939E-17,2.830189880664232E-20
1,-6.7,21.802769951443484,2.820241213934939E-17,3.0326030946198404E-20
1,-6.6,21.90243633035854,2.820241213934939E-17,3.249492761008468E-20
1,-6.5,22.00207887736651,2.820241213934939E-17,3.481894225650422E-20
1,-6.4,22.101695892234233,2.820241213934939E-17,3.730916881579776E-20
1,-6.3,22.20128555375127,2.820241213934939E-17,3.9977494648496185E-20
1,-6.2,22.30084591116963,2.820241213934939E-17,4.2836657290896745E-20
1,-6.1,22.40037487504476,2.820241213934939E-17,4.5900305259043174E-20
1,-6.0,22.49987020743706,2.820241213934939E-17,4.918306320136396E-20
1,-5.9,22.599329511430454,2.820241213934939E-17,5.270060171098279E-20
1,-5.8,22.69875021992175,2.820241213934939E-17,5.646971213095611E-20
1,-5.7,22.798129583631727,2.820241213934939E-17,6.050838670952972E-20
1,-5.6,22.897464658285575,2.820241213934939E-17,6.483590448804372E-20
1,-5.5,22.996752290907423,2.820241213934939E-17,6.947292333148039E-20
1,-5.4,23.09598910516993,2.820241213934939E-17,7.444157854097333E-20
1,-5.3,23.195171485736648,2.820241213934939E-17,7.976558851901445E-20
1,-5.2,23.29429556153095,2.820241213934939E-17,8.547036799176318E-20
1,-5.1,23.39335718786166,2.820241213934939E-17,9.158314932893662E-20
1,-5.0,23.49235192733125,2.820241213934939E-17,9.813311254041418E-20
1,-4.9,23.591275029448518,2.820241213934939E-17,1.0515152457010838E-19
1,-4.8,23.69012140886326,2.820241213934939E-17,1.126718885520377E-19
1,-4.7,23.788885622135947,2.820241213934939E-17,1.207301037410884E-19
1,-4.6,23.88756184295108,2.820241213934939E-17,1.2936463688191527E-19
1,-4.5,23.98614383567802,2.820241213934939E-17,1.3861670583402503E-19
1,-4.4,24.084624927178627,2.820241213934939E-17,1.4853047632960014E-19
1,-4.3,24.18299797675612,2.820241213934939E-17,1.5915327280330392E-19
1,-4.2,24.281255344135076,2.820241213934939E-17,1.705358043004874E-19
1,-4.1,24.379388855357618,2.820241213934939E-17,1.8273240654219467E-19
1,-4.0,24.477389766476495,2.820241213934939E-17,1.9580130130248825E-19
1,-3.9,24.575248724921263,2.820241213934939E-17,2.0980487433626162E-19
1,-3.8,24.67295572840981,2.820241213934939E-17,2.2480997318425446E-19
1,-3.7,24.770500081273635,2.820241213934939E-17,2.408882262768771E-19
1,-3.6,24.86787034806213,2.820241213934939E-17,2.5811638486011873E-19
1,-3.5,24.965054304288312,2.820241213934939E-17,2.765766893757571E-19
1,-3.4,25.062038884176665,2.820241213934939E-17,2.963572620448285E-19
1,-3.3,25.158810125272637,2.820241213934939E-17,3.1755252752839385E-19
1,-3.2,25.25535310977345,2.820241213934939E-17,3.402636636736704E-19
1,-3.1,25.35165190244126,2.820241213934939E-17,3.64599084497214E-19
1,-3.0,25.447689484962748,2.820241213934939E-17,3.9067495771072176E-19
1,-2.9,25.543447686623878,2.820241213934939E-17,4.186157592599242E-19
1,-2.8,25.63890711117582,2.820241213934939E-17,4.485548675237071E-19
1,-2.7,25.73404705977728,2.820241213934939E-17,4.8063520000994905E-19
1,-2.6,25.828845449911103,2.820241213934939E-17,5.150098955873987E-19
1,-2.5,25.923278730188763,2.820241213934939E-17,5.518430455103018E-19
1,-2.4,26.017321790975984,2.820241213934939E-17,5.913104767254033E-19
1,-2.3,26.110947870796792,2.820241213934939E-17,6.336005912005222E-19
1,-2.2,26.20412845850231,2.820241213934939E-17,6.789152652813198E-19
1,-2.1,26.296833191225023,2.820241213934939E-17,7.274708133694447E-19
1,-2.0,26.389029748180228,2.820241213934939E-17,7.794990205222648E-19
1,-1.9,26.480683740424034,2.820241213934939E-17,8.352482489034116E-19
1,-1.8,26.571758596732753,2.820241213934939E-17,8.949846233659109E-19
1,-1.7,26.662215445832405,2.820241213934939E-17,9.58993301827382E-19
1,-1.6,26.75201299528034,2.820241213934939E-17,1.0275798365015941E-18
1,-1.5,26.841107407384087,2.820241213934939E-17,1.1010716324843614E-18
1,-1.4,26.929452172636612,2.820241213934939E-17,1.1798195106564808E-18
1,-1.3,27.016997981252473,2.820241213934939E-17,1.264199382364404E-18
1,-1.2,27.103692593507308,2.820241213934939E-17,1.354614043872917E-18
1,-1.1,27.189480709712885,2.820241213934939E-17,1.4514950991558126E-18
1,-1.0,27.274303840803483,2.820241213934939E-17,1.555305020203228E-18
1,-0.9,27.358100180665236,2.820241213934939E-17,1.6665393546807232E-18
1,-0.8,27.440804481509424,2.820241213934939E-17,1.7857290914786172E-18
1,-0.7,27.522347933771837,2.820241213934939E-17,1.913443195443752E-18
1,-0.6,27.602658052212984,2.820241213934939E-17,2.050291323393513E-18
1,-0.5,27.68165857009652,2.820241213934939E-17,2.196926734377311E-18
1,-0.4,27.759269343532743,2.820241213934939E-17,2.3540494080778983E-18
1,-0.3,27.8354062682892,2.820241213934939E-17,2.5224093862386286E-18
1,-0.2,27.909981211585286,2.820241213934939E-17,2.7028103530672333E-18
1,-0.1,27.982901961599968,2.820241213934939E-17,2.8961134717076102E-18
1,0.0,28.054072197623576,2.820241213934939E-17,3.103241495093412E-18
1,0.1,28.123391483970828,2.820241213934939E-17,3.325183170807004E-18
1,0.2,28.19075529093395,2.820241213934939E-17,3.5629979609709015E-18
1,0.3,28.25605504618355,2.820241213934939E-17,3.817821099702549E-18
1,0.4,28.31917822011034,2.820241213934939E-17,4.090869012274752E-18
1,0.5,28.380008448632374,2.820241213934939E-17,4.383445121850693E-18
1,0.6,28.438425696957633,2.820241213934939E-17,4.696946071512632E-18
1,0.7,28.49430646767974,2.820241213934939E-17,5.0328683912857155E-18
1,0.8,28.5475240563813,2.820241213934939E-17,5.392815641982782E-18
1,0.9,28.597948857615098,2.820241213934939E-17,5.778506069971889E-18
1,1.0,28.645448723715607,2.820241213934939E-17,6.191780809407568E-18
1,1.1,28.68988937835434,2.820241213934939E-17,6.634612671079942E-18
1,1.2,28.73113488608557,2.820241213934939E-17,7.1091155598362E-18
1,1.3,28.769048178331037,2.820241213934939E-17,7.617554565529546E-18
1,1.4,28.803491635324843,2.820241213934939E-17,8.162356775665771E-18
1,1.5,28.83432772248966,2.820241213934939E-17,8.746122861362857E-18
1,1.6,28.861419678554633,2.820241213934939E-17,9.37163949193027E-18
1,1.7,28.884632251473604,2.820241213934939E-17,1.0041892637330444E-17
1,1.8,28.903832476884944,2.820241213934939E-17,1.0760081822022951E-17
1,1.9,28.91889049250432,2.820241213934939E-17,1.1529635398233824E-17
1,2.0,28.929680380498368,2.820241213934939E-17,1.2354226911558432E-17
1,2.1,28.936081028595297,2.820241213934939E-17,1.3237792637020826E-17
1,2.2,28.937976999496783,2.820241213934939E-17,1.4184550369300056E-17
1,2.3,28.93525939711592,2.820241213934939E-17,1.5199019556820227E-17
1,2.4,28.92782671732943,2.820241213934939E-17,1.6286042875816808E-17
1,2.5,28.915585670348435,2.820241213934939E-17,1.7450809347365088E-17
1,2.6,28.8984519615234,2.820241213934939E-17,1.8698879107722578E-17
1,2.7,28.876351017441454,2.820241213934939E-17,2.0036209950228888E-17
1,2.8,28.849218644571447,2.820241213934939E-17,2.146918576546407E-17
1,2.9,28.81700160847489,2.820241213934939E-17,2.3004647015427163E-17
1,3.0,28.779658122724854,2.820241213934939E-17,2.4649923387206893E-17
1,3.1,28.737158238139354,2.820241213934939E-17,2.6412868782020165E-17
1,3.2,28.68948412470481,2.820241213934939E-17,2.8301898806642317E-17
1,3.3,28.636630240587458,2.820241213934939E-17,3.032603094619839E-17
1,3.4,28.578603384842577,2.820241213934939E-17,3.2494927610084663E-17
1,3.5,28.515422632759382,2.820241213934939E-17,3.481894225650423E-17
1,3.6,28.447119155144133,2.820241213934939E-17,3.730916881579777E-17
1,3.7,28.37373592516371,2.820241213934939E-17,3.9977494648496183E-17
1,3.8,28.29532731856783,2.820241213934939E-17,4.2836657290896746E-17
1,3.9,28.21195861510722,2.820241213934939E-17,4.590030525904316E-17
1,4.0,28.12370541070524,2.820241213934939E-17,4.918306320136398E-17
1,4.1,28.030652951371444,2.820241213934939E-17,5.270060171098279E-17
1,4.2,27.932895400933546,2.820241213934939E-17,5.646971213095611E-17
1,4.3,27.830535055389547,2.820241213934939E-17,6.050838670952971E-17
1,4.4,27.72368151704208,2.820241213934939E-17,6.483590448804371E-17
1,4.5,27.612450841584568,2.820241213934939E-17,6.947292333148039E-17
1,4.6,27.49696467098827,2.820241213934939E-17,7.444157854097331E-17
1,4.7,27.377349364427417,2.820241213934939E-17,7.976558851901446E-17
1,4.8,27.253735138620222,2.820241213934939E-17,8.547036799176317E-17
1,4.9,27.126255227905844,2.820241213934939E-17,9.15831493289367E-17
1,5.0,26.995045073173486,2.820241213934939E-17,9.813311254041419E-17
1,5.1,26.860241547460095,2.820241213934939E-17,1.0515152457010845E-16
1,5.2,26.721982224687398,2.820241213934939E-17,1.126718885520377E-16
1,5.3,26.580404696660523,2.820241213934939E-17,1.2073010374108846E-16
1,5.4,26.43564594213855,2.820241213934939E-17,1.2936463688191528E-16
1,5.5,26.287841750543546,2.820241213934939E-17,1.3861670583402511E-16
1,5.6,26.137126201724815,2.820241213934939E-17,1.4853047632960012E-16
1,5.7,25.983631202156623,2.820241213934939E-17,1.5915327280330404E-16
1,5.8,25.827486077033583,2.820241213934939E-17,1.705358043004874E-16
1,5.9,25.66881721694306,2.820241213934939E-17,1.8273240654219482E-16
1,6.0,25.507747777140537,2.820241213934939E-17,1.9580130130248835E-16
1,6.1,25.344397426927195,2.820241213934939E-17,2.0980487433626162E-16
1,6.2,25.17888214622378,2.820241213934939E-17,2.2480997318425425E-16
1,6.3,25.01131406614072,2.820241213934939E-17,2.4088822627687716E-16
1,6.4,24.841801350151652,2.820241213934939E-17,2.5811638486011874E-16
1,6.5,24.6704481123734,2.820241213934939E-17,2.7657668937575726E-16
1,6.6,24.497354369428308,2.820241213934939E-17,2.9635726204482824E-16
1,6.7,24.322616022402066,2.820241213934939E-17,3.1755252752839396E-16
1,6.8,24.146324865500933,2.820241213934939E-17,3.402636636736704E-16
1,6.9,23.96856861814439,2.820241213934939E-17,3.645990844972141E-16
1,7.0,23.7894309773943,2.820241213934939E-17,3.9067495771072185E-16
1,7.1,23.608991687809326,2.820241213934939E-17,4.18615759259924E-16
1,7.2,23.427326626017148,2.820241213934939E-17,4.485548675237068E-16
1,7.3,23.244507897508964,2.820241213934939E-17,4.806352000099492E-16
1,7.4,23.060603943376748,2.820241213934939E-17,5.150098955873985E-16
1,7.5,22.87567965492765,2.820241213934939E-17,5.518430455103017E-16
1,7.6,22.68979649431945,2.820241213934939E-17,5.913104767254034E-16
1,7.7,22.50301261956234,2.820241213934939E-17,6.336005912005217E-16
1,7.8,22.31538301242385,2.820241213934939E-17,6.789152652813201E-16
1,7.9,22.12695960795394,2.820241213934939E-17,7.274708133694455E-16
1,8.0,21.93779142451488,2.820241213934939E-17,7.794990205222651E-16
1,8.1,21.747924693355646,2.820241213934939E-17,8.352482489034111E-16
1,8.2,21.55740298691212,2.820241213934939E-17,8.9498462336591E-16
1,8.3,21.366267345143598,2.820241213934939E-17,9.589933018273815E-16
1,8.4,21.17455639933209,2.820241213934939E-17,1.027579836501595E-15
1,8.5,20.982306492875562,2.820241213934939E-17,1.1010716324843607E-15
1,8.6,20.789551798698742,2.820241213934939E-17,1.1798195106564804E-15
1,8.7,20.596324432987704,2.820241213934939E-17,1.2641993823644033E-15
1,8.8,20.4026545650261,2.820241213934939E-17,1.3546140438729181E-15
1,8.9,20.208570522974526,2.820241213934939E-17,1.4514950991558128E-15
1,9.0,20.01409889548855,2.820241213934939E-17,1.555305020203228E-15
1,9.1,19.819264629118543,2.820241213934939E-17,1.6665393546807227E-15
1,9.2,19.624091121473988,2.820241213934939E-17,1.785729091478617E-15
1,9.3,19.428600310169436,2.820241213934939E-17,1.9134431954437516E-15
1,9.4,19.232812757597365,2.820241213934939E-17,2.0502913233935134E-15
1,9.5,19.036747731596833,2.820241213934939E-17,2.1969267343773093E-15
1,9.6,18.84042328210626,2.820241213934939E-17,2.3540494080778984E-15
1,9.7,18.64385631390373,2.820241213934939E-17,2.522409386238629E-15
1,9.8,18.447062655550706,2.820241213934939E-17,2.702810353067235E-15
1,9.9,18.250057124664075,2.820241213934939E-17,2.89611347170761E-15
1,10.0,18.052853589648215,2.820241213934939E-17,3.1032414950934114E-15
5,-10.0,13.406815415906664,9.125877183947935E-17,1.5516207475467062E-20
5,-9.9,13.506762614914624,9.125877183947935E-17,1.662591585403502E-20
5,-9.8,13.606706038344766,9.125877183947935E-17,1.7814989804854503E-20
5,-9.7,13.70664541627592,9.125877183947935E-17,1.9089105498512747E-20
5,-9.6,13.806580459497965,9.125877183947935E-17,2.0454345061373755E-20
5,-9.5,13.906510858134622,9.125877183947935E-17,2.191722560925347E-20
5,-9.4,14.006436280168082,9.125877183947935E-17,2.3484730357563147E-20
5,-9.3,14.106356369858492,9.125877183947935E-17,2.5164341956428575E-20
5,-9.2,14.206270746050901,9.125877183947935E-17,2.696407820991392E-20
5,-9.1,14.306179000361588,9.125877183947935E-17,2.8892530349859466E-20
5,-9.0,14.40608069523529,9.125877183947935E-17,3.0958904047037854E-20
5,-8.9,14.5059753618642,9.125877183947935E-17,3.3173063355399703E-20
5,-8.8,14.605862497958872,9.125877183947935E-17,3.5545577799180975E-20
5,-8.7,14.705741565360617,9.125877183947935E-17,3.8087772827647716E-20
5,-8.6,14.80561198748417,9.125877183947935E-17,4.081178387832886E-20
5,-8.5,14.905473146578679,9.125877183947935E-17,4.37306143068143E-20
5,-8.4,15.00532438079409,9.125877183947935E-17,4.685819745965134E-20
5,-8.3,15.105164981039367,9.125877183947935E-17,5.020946318665216E-20
5,-8.2,15.204994187617755,9.125877183947935E-17,5.380040911011476E-20
5,-8.1,15.304811186623455,9.125877183947935E-17,5.764817699116917E-20
5,-8.0,15.404615106082986,9.125877183947935E-17,6.177113455779209E-20
5,-7.9,15.504405011823286,9.125877183947935E-17,6.618896318510416E-20
5,-7.8,15.604179903047363,9.125877183947935E-17,7.092275184650026E-20
5,-7.7,15.703938707597176,9.125877183947935E-17,7.599509778410113E-20
5,-7.6,15.803680276881744,9.125877183947935E-17,8.143021437908401E-20
5,-7.5,15.903403380447255,9.125877183947935E-17,8.725404673682544E-20
5,-7.4,16.00310670016422,9.125877183947935E-17,9.349439553861285E-20
5,-7.3,16.102788824005096,9.125877183947935E-17,1.0018104975114442E-19
5,-7.2,16.202448239383983,9.125877183947935E-17,1.0734592882732038E-19
5,-7.1,16.30208332602814,9.125877183947935E-17,1.1502323507713586E-19
5,-7.0,16.401692348349005,9.125877183947935E-17,1.232496169360345E-19
5,-6.9,16.501273447278383,9.125877183947935E-17,1.3206434391010076E-19
5,-6.8,16.600824631533005,9.125877183947935E-17,1.415094940332116E-19
5,-6.7,16.70034376826848,9.125877183947935E-17,1.5163015473099198E-19
5,-6.6,16.799828573081037,9.125877183947935E-17,1.6247463805042336E-19
5,-6.5,16.899276599312742,9.125877183947935E-17,1.7409471128252113E-19
5,-6.4,16.998685226613155,9.125877183947935E-17,1.8654584407898876E-19
5,-6.3,17.098051648707337,9.125877183947935E-17,1.998874732424809E-19
5,-6.2,17.197372860317042,9.125877183947935E-17,2.1418328645448376E-19
5,-6.1,17.29664564317867,9.125877183947935E-17,2.295015262952158E-19
5,-6.0,17.395866551098003,9.125877183947935E-17,2.459153160068198E-19
5,-5.9,17.495031893978314,9.125877183947935E-17,2.635030085549139E-19
5,-5.8,17.594137720754528,9.125877183947935E-17,2.823485606547805E-19
5,-5.7,17.6931798011623,9.125877183947935E-17,3.025419335476486E-19
5,-5.6,17.792153606266762,9.125877183947935E-17,3.2417952244021856E-19
5,-5.5,17.891054287671466,9.125877183947935E-17,3.473646166574019E-19
5,-5.4,17.989876655323787,9.125877183947935E-17,3.722078927048666E-19
5,-5.3,18.08861515382847,9.125877183947935E-17,3.9882794259507226E-19
5,-5.2,18.1872638371765,9.125877183947935E-17,4.2735183995881586E-19
5,-5.1,18.285816341791847,9.125877183947935E-17,4.579157466446832E-19
5,-5.0,18.384265857793885,9.125877183947935E-17,4.906655627020708E-19
5,-4.9,18.482605098368563,9.125877183947935E-17,5.257576228505418E-19
5,-4.8,18.580826267136807,9.125877183947935E-17,5.633594427601883E-19
5,-4.7,18.678921023403806,9.125877183947935E-17,6.03650518705442E-19
5,-4.6,18.77688044516866,9.125877183947935E-17,6.468231844095763E-19
5,-4.5,18.874694989769214,9.125877183947935E-17,6.930835291701252E-19
5,-4.4,18.97235445203328,9.125877183947935E-17,7.426523816480007E-19
5,-4.3,19.069847919803514,9.125877183947935E-17,7.957663640165196E-19
5,-4.2,19.16716372670044,9.125877183947935E-17,8.526790215024368E-19
5,-4.1,19.264289401985305,9.125877183947935E-17,9.136620327109734E-19
5,-4.0,19.361211617383116,9.125877183947935E-17,9.790065065124413E-19
5,-3.9,19.457916130725195,9.125877183947935E-17,1.049024371681308E-18
5,-3.8,19.554387726271273,9.125877183947935E-17,1.1240498659212722E-18
5,-3.7,19.65061015157282,9.125877183947935E-17,1.2044411313843854E-18
5,-3.6,19.74656605074294,9.125877183947935E-17,1.2905819243005936E-18
5,-3.5,19.842236894003427,9.125877183947935E-17,1.3828834468787857E-18
5,-3.4,19.93760290338756,9.125877183947935E-17,1.4817863102241422E-18
5,-3.3,20.032642974487217,9.125877183947935E-17,1.5877626376419693E-18
5,-3.2,20.12733459414662,9.125877183947935E-17,1.7013183183683518E-18
5,-3.1,20.221653754021727,9.125877183947935E-17,1.82299542248607E-18
5,-3.0,20.315574859945208,9.125877183947935E-17,1.9533747885536088E-18
5,-2.9,20.409070637062527,9.125877183947935E-17,2.0930787962996205E-18
5,-2.8,20.502112030735002,9.125877183947935E-17,2.242774337618535E-18
5,-2.7,20.59466810324232,9.125877183947935E-17,2.4031760000497454E-18
5,-2.6,20.686705926359576,9.125877183947935E-17,2.5750494779369936E-18
5,-2.5,20.77819046993403,9.125877183947935E-17,2.759215227551509E-18
5,-2.4,20.869084486644645,9.125877183947935E-17,2.9565523836270164E-18
5,-2.3,20.959348393194027,9.125877183947935E-17,3.168002956002611E-18
5,-2.2,21.048940148258588,9.125877183947935E-17,3.394576326406599E-18
5,-2.1,21.13781512760902,9.125877183947935E-17,3.637354066847224E-18
5,-2.0,21.225925996910565,9.125877183947935E-17,3.897495102611324E-18
5,-1.9,21.313222582821577,9.125877183947935E-17,4.176241244517058E-18
5,-1.8,21.399651743130377,9.125877183947935E-17,4.474923116829555E-18
5,-1.7,21.485157236804135,9.125877183947935E-17,4.79496650913691E-18
5,-1.6,21.569679594970946,9.125877183947935E-17,5.1378991825079716E-18
5,-1.5,21.653155994016075,9.125877183947935E-17,5.505358162421806E-18
5,-1.4,21.7355201321463,9.125877183947935E-17,5.899097553282403E-18
5,-1.3,21.81670211096104,9.125877183947935E-17,6.320996911822019E-18
5,-1.2,21.89662832376484,9.125877183947935E-17,6.7730702193645845E-18
5,-1.1,21.97522135256047,9.125877183947935E-17,7.257475495779063E-18
5,-1.0,22.052399875873757,9.125877183947935E-17,7.776525101016138E-18
5,-0.9,22.128078589776457,9.125877183947935E-17,8.332696773403614E-18
5,-0.8,22.20216814468835,9.125877183947935E-17,8.928645457393087E-18
5,-0.7,22.274575100749317,9.125877183947935E-17,9.56721597721876E-18
5,-0.6,22.345201904750116,9.125877183947935E-17,1.0251456616967565E-17
5,-0.5,22.41394689179049,9.125877183947935E-17,1.0984633671886553E-17
5,-0.4,22.480704314985726,9.125877183947935E-17,1.177024704038949E-17
5,-0.3,22.545364406660127,9.125877183947935E-17,1.2612046931193143E-17
5,-0.2,22.607813474535998,9.125877183947935E-17,1.3514051765336167E-17
5,-0.1,22.667934036439842,9.125877183947935E-17,1.448056735853805E-17
5,0.0,22.725604996990974,9.125877183947935E-17,1.5516207475467057E-17
5,0.1,22.780701869599174,9.125877183947935E-17,1.6625915854035022E-17
5,0.2,22.833097046866307,9.125877183947935E-17,1.781498980485451E-17
5,0.3,22.88266012214911,9.125877183947935E-17,1.9089105498512745E-17
5,0.4,22.92925826458745,9.125877183947935E-17,2.0454345061373753E-17
5,0.5,22.972756649325493,9.125877183947935E-17,2.1917225609253465E-17
5,0.6,23.013018943947237,9.125877183947935E-17,2.348473035756316E-17
5,0.7,23.049907851310586,9.125877183947935E-17,2.5164341956428577E-17
5,0.8,23.08328570799946,9.125877183947935E-17,2.696407820991391E-17
5,0.9,23.113015136528215,9.125877183947935E-17,2.8892530349859436E-17
5,1.0,23.138959748242563,9.125877183947935E-17,3.095890404703784E-17
5,1.1,23.160984892586832,9.125877183947935E-17,3.317306335539971E-17
5,1.2,23.178958447076248,9.125877183947935E-17,3.5545577799180996E-17
5,1.3,23.192751640960996,9.125877183947935E-17,3.8087772827647726E-17
5,1.4,23.202239904235483,9.125877183947935E-17,4.081178387832885E-17
5,1.5,23.20730373237934,9.125877183947935E-17,4.373061430681428E-17
5,1.6,23.207829556064933,9.125877183947935E-17,4.685819745965136E-17
5,1.7,23.203710604082126,9.125877183947935E-17,5.020946318665222E-17
5,1.8,23.19484774696505,9.125877183947935E-17,5.380040911011475E-17
5,1.9,23.18115030830605,9.125877183947935E-17,5.764817699116913E-17
5,2.0,23.162536830549072,9.125877183947935E-17,6.177113455779216E-17
5,2.1,23.1389357822016,9.125877183947935E-17,6.618896318510414E-17
5,2.2,23.110286193910543,9.125877183947935E-17,7.092275184650028E-17
5,2.3,23.07653821171941,9.125877183947935E-17,7.599509778410113E-17
5,2.4,23.037653557052785,9.125877183947935E-17,8.143021437908403E-17
5,2.5,22.993605884534585,9.125877183947935E-17,8.725404673682544E-17
5,2.6,22.944381030597096,9.125877183947935E-17,9.349439553861288E-17
5,2.7,22.889977147924267,9.125877183947935E-17,1.0018104975114445E-16
5,2.8,22.83040472302741,9.125877183947935E-17,1.0734592882732035E-16
5,2.9,22.765686476599043,9.125877183947935E-17,1.1502323507713578E-16
5,3.0,22.69585714865022,9.125877183947935E-17,1.2324961693603444E-16
5,3.1,22.62096317272755,9.125877183947935E-17,1.320643439101008E-16
5,3.2,22.541062245650277,9.125877183947935E-17,1.4150949403321157E-16
5,3.3,22.456222801135386,9.125877183947935E-17,1.5163015473099193E-16
5,3.4,22.366523397330962,9.125877183947935E-17,1.6247463805042327E-16
5,3.5,22.272052029609227,9.125877183947935E-17,1.7409471128252116E-16
5,3.6,22.17290538095124,9.125877183947935E-17,1.865458440789888E-16
5,3.7,22.06918802287086,9.125877183947935E-17,1.998874732424809E-16
5,3.8,21.9610115800786,9.125877183947935E-17,2.141832864544837E-16
5,3.9,21.84849387199161,9.125877183947935E-17,2.295015262952158E-16
5,4.0,21.731758043784673,9.125877183947935E-17,2.4591531600681984E-16
5,4.1,21.610931698985745,9.125877183947935E-17,2.635030085549139E-16
5,4.2,21.486146044695605,9.125877183947935E-17,2.8234856065478054E-16
5,4.3,21.357535059404423,9.125877183947935E-17,3.025419335476486E-16
5,4.4,21.22523469213982,9.125877183947935E-17,3.241795224402186E-16
5,4.5,21.089382100362958,9.125877183947935E-17,3.4736461665740193E-16
5,4.6,20.95011493267787,9.125877183947935E-17,3.722078927048666E-16
5,4.7,20.80757066107827,9.125877183947935E-17,3.9882794259507227E-16
5,4.8,20.661885966161257,9.125877183947935E-17,4.2735183995881594E-16
5,4.9,20.5131961775195,9.125877183947935E-17,4.579157466446836E-16
5,5.0,20.361634770405285,9.125877183947935E-17,4.906655627020709E-16
5,5.1,20.207332918757736,9.125877183947935E-17,5.257576228505422E-16
5,5.2,20.050419103808576,9.125877183947935E-17,5.633594427601885E-16
5,5.3,19.891018776736633,9.125877183947935E-17,6.036505187054422E-16
5,5.4,19.72925407322611,9.125877183947935E-17,6.468231844095764E-16
5,5.5,19.565243577294382,9.125877183947935E-17,6.930835291701256E-16
5,5.6,19.399102131384012,9.125877183947935E-17,7.4265238164800085E-16
5,5.7,19.230940689451216,9.125877183947935E-17,7.957663640165201E-16
5,5.8,19.060866209618,9.125877183947935E-17,8.52679021502437E-16
5,5.9,18.888981582875285,9.125877183947935E-17,9.136620327109741E-16
5,6.0,18.715385594318025,9.125877183947935E-17,9.790065065124417E-16
5,6.1,18.540172913447368,9.125877183947935E-17,1.0490243716813082E-15
5,6.2,18.36343411017952,9.125877183947935E-17,1.1240498659212712E-15
5,6.3,18.185255693343777,9.125877183947935E-17,1.2044411313843857E-15
5,6.4,18.00572016862489,9.125877183947935E-17,1.2905819243005936E-15
5,6.5,17.824906113098272,9.125877183947935E-17,1.382883446878786E-15
5,6.6,17.64288826371334,9.125877183947935E-17,1.4817863102241415E-15
5,6.7,17.459737617294028,9.125877183947935E-17,1.5877626376419698E-15
5,6.8,17.275521539841407,9.125877183947935E-17,1.7013183183683522E-15
5,6.9,17.09030388313601,9.125877183947935E-17,1.8229954224860706E-15
5,7.0,16.904145106845192,9.125877183947935E-17,1.953374788553609E-15
5,7.1,16.71710240453908,9.125877183947935E-17,2.0930787962996195E-15
5,7.2,16.529229832207285,9.125877183947935E-17,2.2427743376185342E-15
5,7.3,16.340578438044773,9.125877183947935E-17,2.4031760000497456E-15
5,7.4,16.151196392439424,9.125877183947935E-17,2.5750494779369923E-15
5,7.5,15.961129117244688,9.125877183947935E-17,2.7592152275515086E-15
5,7.6,15.770419413558713,9.125877183947935E-17,2.956552383627017E-15
5,7.7,15.579107587356367,9.125877183947935E-17,3.168002956002609E-15
5,7.8,15.387231572433336,9.125877183947935E-17,3.394576326406601E-15
5,7.9,15.194827050222234,9.125877183947935E-17,3.637354066847228E-15
5,8.0,15.001927566130162,9.125877183947935E-17,3.8974951026113245E-15
5,8.1,14.808564642126399,9.125877183947935E-17,4.176241244517056E-15
5,8.2,14.614767885378075,9.125877183947935E-17,4.474923116829551E-15
5,8.3,14.42056509279233,9.125877183947935E-17,4.794966509136908E-15
5,8.4,14.225982351375539,9.125877183947935E-17,5.1378991825079745E-15
5,8.5,14.031044134365168,9.125877183947935E-17,5.505358162421803E-15
5,8.6,13.835773393128006,9.125877183947935E-17,5.899097553282401E-15
5,8.7,13.640191644850844,9.125877183947935E-17,6.3209969118220144E-15
5,8.8,13.444319056076361,9.125877183947935E-17,6.773070219364589E-15
5,8.9,13.248174522159523,9.125877183947935E-17,7.257475495779065E-15
5,9.0,13.051775742737465,9.125877183947935E-17,7.776525101016138E-15
5,9.1,12.855139293320592,9.125877183947935E-17,8.332696773403614E-15
5,9.2,12.658280693123537,9.125877183947935E-17,8.928645457393085E-15
5,9.3,12.461214469263332,9.125877183947935E-17,9.567215977218757E-15
5,9.4,12.263954217458062,9.125877183947935E-17,1.0251456616967564E-14
5,9.5,12.066512659363347,9.125877183947935E-17,1.0984633671886545E-14
5,9.6,11.868901696686427,9.125877183947935E-17,1.1770247040389493E-14
5,9.7,11.671132462218292,9.125877183947935E-17,1.2612046931193143E-14
5,9.8,11.473215367924034,9.125877183947935E-17,1.3514051765336172E-14
5,9.9,11.275160150230146,9.125877183947935E-17,1.448056735853805E-14
5,10.0,11.07697591264522,9.125877183947935E-17,1.551620747546706E-14
10,-10.0,10.702995029267338,1.700792214646418E-16,3.1032414950934124E-20
10,-9.9,10.802938367535262,1.700792214646418E-16,3.325183170807004E-20
10,-9.8,10.902877654215917,1.700792214646418E-16,3.5629979609709005E-20
10,-9.7,11.002812599664122,1.700792214646418E-16,3.8178210997025494E-20
10,-9.6,11.10274289353747,1.700792214646418E-16,4.090869012274751E-20
10,-9.5,11.202668203318751,1.700792214646418E-16,4.383445121850694E-20
10,-9.4,11.302588172733067,1.700792214646418E-16,4.6969460715126293E-20
10,-9.3,11.402502420052233,1.700792214646418E-16,5.032868391285715E-20
10,-9.2,11.502410536278395,1.700792214646418E-16,5.392815641982784E-20
10,-9.1,11.602312083198347,1.700792214646418E-16,5.778506069971893E-20
10,-9.0,11.702206591299397,1.700792214646418E-16,6.191780809407571E-20
10,-8.9,11.802093557536946,1.700792214646418E-16,6.634612671079941E-20
10,-8.8,11.901972442943304,1.700792214646418E-16,7.109115559836195E-20
10,-8.7,12.001842670066551,1.700792214646418E-16,7.617554565529543E-20
10,-8.6,12.101703620227383,1.700792214646418E-16,8.162356775665771E-20
10,-8.5,12.201554630581168,1.700792214646418E-16,8.74612286136286E-20
10,-8.4,12.301394990971424,1.700792214646418E-16,9.371639491930268E-20
10,-8.3,12.401223940560076,1.700792214646418E-16,1.0041892637330432E-19
10,-8.2,12.501040664218767,1.700792214646418E-16,1.0760081822022951E-19
10,-8.1,12.600844288664435,1.700792214646418E-16,1.1529635398233835E-19
10,-8.0,12.700633878321261,1.700792214646418E-16,1.2354226911558418E-19
10,-7.9,12.800408430889767,1.700792214646418E-16,1.3237792637020832E-19
10,-7.8,12.900166872602583,1.700792214646418E-16,1.4184550369300052E-19
10,-7.7,12.999908053145061,1.700792214646418E-16,1.5199019556820225E-19
10,-7.6,13.0996307402173,1.700792214646418E-16,1.6286042875816801E-19
10,-7.5,13.199333613712664,1.700792214646418E-16,1.7450809347365088E-19
10,-7.4,13.29901525948619,1.700792214646418E-16,1.869887910772257E-19
10,-7.3,13.398674162684399,1.700792214646418E-16,2.0036209950228884E-19
10,-7.2,13.498308700606279,1.700792214646418E-16,2.1469185765464076E-19
10,-7.1,13.59791713506304,1.700792214646418E-16,2.300464701542717E-19
10,-7.0,13.697497604202225,1.700792214646418E-16,2.46499233872069E-19
10,-6.9,13.797048113759411,1.700792214646418E-16,2.641286878202015E-19
10,-6.8,13.896566527698424,1.700792214646418E-16,2.830189880664232E-19
10,-6.7,13.996050558198355,1.700792214646418E-16,3.0326030946198396E-19
10,-6.6,14.095497754943144,1.700792214646418E-16,3.249492761008467E-19
10,-6.5,14.194905493666447,1.700792214646418E-16,3.4818942256504225E-19
10,-6.4,14.294270963901816,1.700792214646418E-16,3.7309168815797752E-19
10,-6.3,14.393591155884824,1.700792214646418E-16,3.997749464849618E-19
10,-6.2,14.492862846550674,1.700792214646418E-16,4.283665729089675E-19
10,-6.1,14.592082584567294,1.700792214646418E-16,4.590030525904316E-19
10,-6.0,14.691246674340325,1.700792214646418E-16,4.918306320136396E-19
10,-5.9,14.790351158922705,1.700792214646418E-16,5.270060171098278E-19
10,-5.8,14.88939180175753,1.700792214646418E-16,5.64697121309561E-19
10,-5.7,14.98836406717893,1.700792214646418E-16,6.050838670952972E-19
10,-5.6,15.08726309959136,1.700792214646418E-16,6.483590448804371E-19
10,-5.5,15.186083701243456,1.700792214646418E-16,6.947292333148038E-19
10,-5.4,15.284820308508078,1.700792214646418E-16,7.444157854097332E-19
10,-5.3,15.383466966575607,1.700792214646418E-16,7.976558851901445E-19
10,-5.2,15.482017302462939,1.700792214646418E-16,8.547036799176317E-19
10,-5.1,15.580464496235852,1.700792214646418E-16,9.158314932893664E-19
10,-5.0,15.678801250337791,1.700792214646418E-16,9.813311254041415E-19
10,-4.9,15.77701975691334,1.700792214646418E-16,1.0515152457010836E-18
10,-4.8,15.875111663010092,1.700792214646418E-16,1.1267188855203767E-18
10,-4.7,15.973068033538055,1.700792214646418E-16,1.207301037410884E-18
10,-4.6,16.07087931186166,1.700792214646418E-16,1.2936463688191526E-18
10,-4.5,16.168535277895128,1.700792214646418E-16,1.3861670583402503E-18
10,-4.4,16.26602500356871,1.700792214646418E-16,1.4853047632960014E-18
10,-4.3,16.363336805530004,1.700792214646418E-16,1.5915327280330393E-18
10,-4.2,16.460458194942106,1.700792214646418E-16,1.7053580430048737E-18
10,-4.1,16.557375824238868,1.700792214646418E-16,1.8273240654219468E-18
10,-4.0,16.654075430696647,1.700792214646418E-16,1.9580130130248825E-18
10,-3.9,16.750541776682518,1.700792214646418E-16,2.098048743362616E-18
10,-3.8,16.846758586440778,1.700792214646418E-16,2.2480997318425445E-18
10,-3.7,16.942708479283084,1.700792214646418E-16,2.408882262768771E-18
10,-3.6,17.038372899053112,1.700792214646418E-16,2.5811638486011873E-18
10,-3.5,17.133732039744267,1.700792214646418E-16,2.7657668937575713E-18
10,-3.4,17.228764767159568,1.700792214646418E-16,2.9635726204482844E-18
10,-3.3,17.323448536516125,1.700792214646418E-16,3.1755252752839386E-18
10,-3.2,17.41775930591373,1.700792214646418E-16,3.4026366367367037E-18
10,-3.1,17.511671445608023,1.700792214646418E-16,3.64599084497214E-18
10,-3.0,17.605157643054277,1.700792214646418E-16,3.9067495771072175E-18
10,-2.9,17.698188803718526,1.700792214646418E-16,4.186157592599241E-18
10,-2.8,17.790733947689226,1.700792214646418E-16,4.48554867523707E-18
10,-2.7,17.882760102165665,1.700792214646418E-16,4.806352000099491E-18
10,-2.6,17.97423218994942,1.700792214646418E-16,5.150098955873987E-18
10,-2.5,18.065112914123254,1.700792214646418E-16,5.518430455103018E-18
10,-2.4,18.155362639168715,1.700792214646418E-16,5.913104767254033E-18
10,-2.3,18.244939268849947,1.700792214646418E-16,6.336005912005222E-18
10,-2.2,18.33379812127781,1.700792214646418E-16,6.789152652813198E-18
10,-2.1,18.421891801666092,1.700792214646418E-16,7.274708133694448E-18
10,-2.0,18.509170073400817,1.700792214646418E-16,7.794990205222648E-18
10,-1.9,18.595579728165305,1.700792214646418E-16,8.352482489034116E-18
10,-1.8,18.68106445599799,1.700792214646418E-16,8.94984623365911E-18
10,-1.7,18.76556471630735,1.700792214646418E-16,9.58993301827382E-18
10,-1.6,18.849017611028568,1.700792214646418E-16,1.0275798365015943E-17
10,-1.5,18.931356761279893,1.700792214646418E-16,1.1010716324843613E-17
10,-1.4,19.012512189061344,1.700792214646418E-16,1.1798195106564806E-17
10,-1.3,19.09241020573483,1.700792214646418E-16,1.2641993823644038E-17
10,-1.2,19.170973309229474,1.700792214646418E-16,1.3546140438729169E-17
10,-1.1,19.248120092127884,1.700792214646418E-16,1.4514950991558126E-17
10,-1.0,19.3237651630044,1.700792214646418E-16,1.5553050202032277E-17
10,-0.9,19.39781908360114,1.700792214646418E-16,1.6665393546807228E-17
10,-0.8,19.47018832463707,1.700792214646418E-16,1.7857290914786174E-17
10,-0.7,19.540775243242976,1.700792214646418E-16,1.913443195443752E-17
10,-0.6,19.60947808519449,1.700792214646418E-16,2.050291323393513E-17
10,-0.5,19.67619101526747,1.700792214646418E-16,2.1969267343773107E-17
10,-0.4,19.740804179156065,1.700792214646418E-16,2.354049408077898E-17
10,-0.3,19.803203800463102,1.700792214646418E-16,2.5224093862386285E-17
10,-0.2,19.863272316284068,1.700792214646418E-16,2.7028103530672335E-17
10,-0.1,19.920888554847668,1.700792214646418E-16,2.89611347170761E-17
10,0.0,19.975927958535735,1.700792214646418E-16,3.1032414950934114E-17
10,0.1,20.028262855371132,1.700792214646418E-16,3.3251831708070045E-17
10,0.2,20.077762781722242,1.700792214646418E-16,3.562997960970902E-17
10,0.3,20.12429485851716,1.700792214646418E-16,3.817821099702549E-17
10,0.4,20.167724222681112,1.700792214646418E-16,4.0908690122747506E-17
10,0.5,20.20791451480148,1.700792214646418E-16,4.383445121850693E-17
10,0.6,20.24472842318529,1.700792214646418E-16,4.696946071512632E-17
10,0.7,20.27802828350595,1.700792214646418E-16,5.032868391285715E-17
10,0.8,20.307676732148785,1.700792214646418E-16,5.392815641982782E-17
10,0.9,20.333537410172674,1.700792214646418E-16,5.778506069971887E-17
10,1.0,20.35547571352894,1.700792214646418E-16,6.191780809407568E-17
10,1.1,20.373359583847076,1.700792214646418E-16,6.634612671079942E-17
10,1.2,20.387060332744376,1.700792214646418E-16,7.109115559836199E-17
10,1.3,20.39645349128468,1.700792214646418E-16,7.617554565529545E-17
10,1.4,20.401419674946112,1.700792214646418E-16,8.16235677566577E-17
10,1.5,20.401845453309235,1.700792214646418E-16,8.746122861362856E-17
10,1.6,20.397624212697135,1.700792214646418E-16,9.371639491930272E-17
10,1.7,20.388656999238457,1.700792214646418E-16,1.0041892637330444E-16
10,1.8,20.37485332933068,1.700792214646418E-16,1.076008182202295E-16
10,1.9,20.356131954295662,1.700792214646418E-16,1.1529635398233826E-16
10,2.0,20.332421566173593,1.700792214646418E-16,1.2354226911558432E-16
10,2.1,20.303661432115796,1.700792214646418E-16,1.3237792637020827E-16
10,2.2,20.2698019457168,1.700792214646418E-16,1.4184550369300056E-16
10,2.3,20.230805084862354,1.700792214646418E-16,1.5199019556820226E-16
10,2.4,20.186644767237055,1.700792214646418E-16,1.6286042875816806E-16
10,2.5,20.137307096491895,1.700792214646418E-16,1.7450809347365088E-16
10,2.6,20.08279049416272,1.700792214646418E-16,1.8698879107722576E-16
10,2.7,20.023105714688203,1.700792214646418E-16,2.003620995022889E-16
10,2.8,19.958275743224554,1.700792214646418E-16,2.146918576546407E-16
10,2.9,19.88833557831335,1.700792214646418E-16,2.3004647015427157E-16
10,3.0,19.813331903747052,1.700792214646418E-16,2.464992338720689E-16
10,3.1,19.73332265611728,1.700792214646418E-16,2.641286878202016E-16
10,3.2,19.648376496452787,1.700792214646418E-16,2.8301898806642313E-16
10,3.3,19.55857219599995,1.700792214646418E-16,3.0326030946198386E-16
10,3.4,19.463997947522408,1.700792214646418E-16,3.2494927610084654E-16
10,3.5,19.364750614469084,1.700792214646418E-16,3.481894225650423E-16
10,3.6,19.260934930967608,1.700792214646418E-16,3.730916881579776E-16
10,3.7,19.15266266584519,1.700792214646418E-16,3.997749464849618E-16
10,3.8,19.04005176377771,1.700792214646418E-16,4.283665729089674E-16
10,3.9,18.923225476249392,1.700792214646418E-16,4.590030525904316E-16
10,4.0,18.80231149430902,1.700792214646418E-16,4.918306320136397E-16
10,4.1,18.677441094179773,1.700792214646418E-16,5.270060171098278E-16
10,4.2,18.54874830566977,1.700792214646418E-16,5.646971213095611E-16
10,4.3,18.416369112089882,1.700792214646418E-16,6.050838670952972E-16
10,4.4,18.2804406890661,1.700792214646418E-16,6.483590448804372E-16
10,4.5,18.141100688282208,1.700792214646418E-16,6.947292333148039E-16
10,4.6,17.998486570848165,1.700792214646418E-16,7.444157854097332E-16
10,4.7,17.852734993696195,1.700792214646418E-16,7.976558851901445E-16
10,4.8,17.703981251190733,1.700792214646418E-16,8.547036799176319E-16
10,4.9,17.5523587730224,1.700792214646418E-16,9.158314932893672E-16
10,5.0,17.397998678456933,1.700792214646418E-16,9.813311254041418E-16
10,5.1,17.241029386136812,1.700792214646418E-16,1.0515152457010844E-15
10,5.2,17.081576277891,1.700792214646418E-16,1.126718885520377E-15
10,5.3,16.91976141439585,1.700792214646418E-16,1.2073010374108845E-15
10,5.4,16.755703300043617,1.700792214646418E-16,1.2936463688191528E-15
10,5.5,16.589516694006438,1.700792214646418E-16,1.3861670583402512E-15
10,5.6,16.421312464223455,1.700792214646418E-16,1.4853047632960017E-15
10,5.7,16.25119748087563,1.700792214646418E-16,1.5915327280330402E-15
10,5.8,16.079274545834796,1.700792214646418E-16,1.705358043004874E-15
10,5.9,15.905642354568364,1.700792214646418E-16,1.8273240654219482E-15
10,6.0,15.730395487036738,1.700792214646418E-16,1.9580130130248835E-15
10,6.1,15.553624424225617,1.700792214646418E-16,2.0980487433626163E-15
10,6.2,15.375415587099289,1.700792214646418E-16,2.2480997318425425E-15
10,6.3,15.195851394933959,1.700792214646418E-16,2.4088822627687714E-15
10,6.4,15.01501034018419,1.700792214646418E-16,2.581163848601187E-15
10,6.5,14.832967077242127,1.700792214646418E-16,2.765766893757572E-15
10,6.6,14.649792522663478,1.700792214646418E-16,2.963572620448283E-15
10,6.7,14.465553964649594,1.700792214646418E-16,3.1755252752839396E-15
10,6.8,14.280315179788143,1.700792214646418E-16,3.4026366367367043E-15
10,6.9,14.094136555261837,1.700792214646418E-16,3.645990844972141E-15
10,7.0,13.907075214933231,1.700792214646418E-16,3.906749577107218E-15
10,7.1,13.719185147901518,1.700792214646418E-16,4.186157592599239E-15
10,7.2,13.53051733830364,1.700792214646418E-16,4.4855486752370684E-15
10,7.3,13.3411198952955,1.700792214646418E-16,4.806352000099491E-15
10,7.4,13.151038182299919,1.700792214646418E-16,5.1500989558739845E-15
10,7.5,12.960314944745503,1.700792214646418E-16,5.518430455103017E-15
10,7.6,12.768990435645538,1.700792214646418E-16,5.913104767254034E-15
10,7.7,12.577102538478291,1.700792214646418E-16,6.336005912005218E-15
10,7.8,12.38468688693078,1.700792214646418E-16,6.789152652813202E-15
10,7.9,12.191776981157322,1.700792214646418E-16,7.274708133694456E-15
10,8.0,11.998404300283024,1.700792214646418E-16,7.794990205222649E-15
10,8.1,11.804598410951668,1.700792214646418E-16,8.352482489034112E-15
10,8.2,11.610387071777495,1.700792214646418E-16,8.949846233659101E-15
10,8.3,11.415796333612711,1.700792214646418E-16,9.589933018273816E-15
10,8.4,11.220850635587079,1.700792214646418E-16,1.0275798365015949E-14
10,8.5,11.025572896914152,1.700792214646418E-16,1.1010716324843607E-14
10,8.6,10.829984604490765,1.700792214646418E-16,1.1798195106564802E-14
10,8.7,10.634105896343266,1.700792214646418E-16,1.2641993823644029E-14
10,8.8,10.437955640995968,1.700792214646418E-16,1.3546140438729179E-14
10,8.9,10.241551512855454,1.700792214646418E-16,1.451495099155813E-14
10,9.0,10.044910063718401,1.700792214646418E-16,1.5553050202032277E-14
10,9.1,9.848046790522115,1.700792214646418E-16,1.666539354680723E-14
10,9.2,9.650976199464994,1.700792214646418E-16,1.785729091478617E-14
10,9.3,9.45371186663049,1.700792214646418E-16,1.9134431954437515E-14
10,9.4,9.256266495251968,1.700792214646418E-16,2.0502913233935127E-14
10,9.5,9.058651969758106,1.700792214646418E-16,2.196926734377309E-14
10,9.6,8.860879406739517,1.700792214646418E-16,2.3540494080778987E-14
10,9.7,8.66295920297656,1.700792214646418E-16,2.5224093862386285E-14
10,9.8,8.46490108066712,1.700792214646418E-16,2.7028103530672345E-14
10,9.9,8.266714129990762,1.700792214646418E-16,2.89611347170761E-14
10,10.0,8.068406849142718,1.700792214646418E-16,3.103241495093412E-14
20,-10.0,7.854446490219268,3.2772012071496683E-16,6.206482990186825E-20
20,-9.9,7.954387678363909,3.2772012071496683E-16,6.650366341614008E-20
20,-9.8,8.054324661209403,3.2772012071496683E-16,7.125995921941801E-20
20,-9.7,8.154257138126603,3.2772012071496683E-16,7.635642199405099E-20
20,-9.6,8.25418478700496,3.2772012071496683E-16,8.181738024549502E-20
20,-9.5,8.354107262719056,3.2772012071496683E-16,8.766890243701388E-20
20,-9.4,8.454024195485912,3.2772012071496683E-16,9.393892143025259E-20
20,-9.3,8.553935189105264,3.2772012071496683E-16,1.006573678257143E-19
20,-9.2,8.653839819074564,3.2772012071496683E-16,1.0785631283965567E-19
20,-9.1,8.753737630569809,3.2772012071496683E-16,1.1557012139943786E-19
20,-9.0,8.853628136282692,3.2772012071496683E-16,1.2383561618815142E-19
20,-8.9,8.953510814103932,3.2772012071496683E-16,1.3269225342159881E-19
20,-8.8,9.053385104641867,3.2772012071496683E-16,1.421823111967239E-19
20,-8.7,9.153250408564706,3.2772012071496683E-16,1.5235109131059087E-19
20,-8.6,9.253106083753973,3.2772012071496683E-16,1.6324713551331543E-19
20,-8.5,9.352951442255867,3.2772012071496683E-16,1.749224572272572E-19
20,-8.4,9.452785747016229,3.2772012071496683E-16,1.8743278983860535E-19
20,-8.3,9.552608208383973,3.2772012071496683E-16,2.0083785274660865E-19
20,-8.2,9.652417980366648,3.2772012071496683E-16,2.1520163644045903E-19
20,-8.1,9.752214156620749,3.2772012071496683E-16,2.305927079646767E-19
20,-8.0,9.851995766158197,3.2772012071496683E-16,2.4708453823116836E-19
20,-7.9,9.951761768749122,3.2772012071496683E-16,2.6475585274041664E-19
20,-7.8,10.051511049999679,3.2772012071496683E-16,2.8369100738600103E-19
20,-7.7,10.151242416082294,3.2772012071496683E-16,3.039803911364045E-19
20,-7.6,10.250954588094086,3.2772012071496683E-16,3.2572085751633603E-19
20,-7.5,10.350646196017632,3.2772012071496683E-16,3.4901618694730175E-19
20,-7.4,10.450315772256506,3.2772012071496683E-16,3.739775821544514E-19
20,-7.3,10.549961744716166,3.2772012071496683E-16,4.0072419900457767E-19
20,-7.2,10.649582429398768,3.2772012071496683E-16,4.2938371530928153E-19
20,-7.1,10.749176022478498,3.2772012071496683E-16,4.600929403085434E-19
20,-7.0,10.848740591821713,3.2772012071496683E-16,4.92998467744138E-19
20,-6.9,10.948274067913893,3.2772012071496683E-16,5.28257375640403E-19
20,-6.8,11.047774234152964,3.2772012071496683E-16,5.660379761328464E-19
20,-6.7,11.147238716465868,3.2772012071496683E-16,6.065206189239679E-19
20,-6.6,11.246664972202602,3.2772012071496683E-16,6.498985522016934E-19
20,-6.5,11.34605027825895,3.2772012071496683E-16,6.963788451300845E-19
20,-6.4,11.445391718376152,3.2772012071496683E-16,7.4618337631595505E-19
20,-6.3,11.544686169562489,3.2772012071496683E-16,7.995498929699236E-19
20,-6.2,11.643930287578424,3.2772012071496683E-16,8.56733145817935E-19
20,-6.1,11.743120491423422,3.2772012071496683E-16,9.180061051808633E-19
20,-6.0,11.842252946758807,3.2772012071496683E-16,9.836612640272791E-19
20,-5.9,11.94132354819729,3.2772012071496683E-16,1.0540120342196556E-18
20,-5.8,12.040327900385686,3.2772012071496683E-16,1.129394242619122E-18
20,-5.7,12.139261297803234,3.2772012071496683E-16,1.2101677341905945E-18
20,-5.6,12.238118703193708,3.2772012071496683E-16,1.2967180897608742E-18
20,-5.5,12.336894724544937,3.2772012071496683E-16,1.3894584666296076E-18
20,-5.4,12.435583590525033,3.2772012071496683E-16,1.4888315708194664E-18
20,-5.3,12.534179124279783,3.2772012071496683E-16,1.595311770380289E-18
20,-5.2,12.632674715491191,3.2772012071496683E-16,1.7094073598352634E-18
20,-5.1,12.731063290592289,3.2772012071496683E-16,1.8316629865787327E-18
20,-5.0,12.829337281028659,3.2772012071496683E-16,1.962662250808283E-18
20,-4.9,12.92748858945255,3.2772012071496683E-16,2.1030304914021673E-18
20,-4.8,13.02550855373073,3.2772012071496683E-16,2.2534377710407534E-18
20,-4.7,13.123387908643007,3.2772012071496683E-16,2.414602074821768E-18
20,-4.6,13.221116745144162,3.2772012071496683E-16,2.587292737638305E-18
20,-4.5,13.31868446705818,3.2772012071496683E-16,2.7723341166805007E-18
20,-4.4,13.41607974507048,3.2772012071496683E-16,2.970609526592003E-18
20,-4.3,13.513290467880925,3.2772012071496683E-16,3.1830654560660785E-18
20,-4.2,13.610303690378485,3.2772012071496683E-16,3.4107160860097473E-18
20,-4.1,13.707105578697158,3.2772012071496683E-16,3.6546481308438935E-18
20,-4.0,13.803681352012758,3.2772012071496683E-16,3.916026026049765E-18
20,-3.9,13.900015220941295,3.2772012071496683E-16,4.196097486725232E-18
20,-3.8,13.996090322402504,3.2772012071496683E-16,4.496199463685089E-18
20,-3.7,14.091888650816527,3.2772012071496683E-16,4.817764525537542E-18
20,-3.6,14.187390985508518,3.2772012071496683E-16,5.1623276972023745E-18
20,-3.5,14.282576814205015,3.2772012071496683E-16,5.531533787515143E-18
20,-3.4,14.377424252517955,3.2772012071496683E-16,5.927145240896569E-18
20,-3.3,14.471909959327574,3.2772012071496683E-16,6.351050550567877E-18
20,-3.2,14.56600904799439,3.2772012071496683E-16,6.805273273473407E-18
20,-3.1,14.659694993353982,3.2772012071496683E-16,7.29198168994428E-18
20,-3.0,14.752939534476436,3.2772012071496683E-16,7.813499154214435E-18
20,-2.9,14.845712573206125,3.2772012071496683E-16,8.372315185198482E-18
20,-2.8,14.937982068537323,3.2772012071496683E-16,8.97109735047414E-18
20,-2.7,15.029713926927982,3.2772012071496683E-16,9.612704000198982E-18
20,-2.6,15.120871888708221,3.2772012071496683E-16,1.0300197911747975E-17
20,-2.5,15.211417410802873,3.2772012071496683E-16,1.1036860910206036E-17
20,-2.4,15.301309546059247,3.2772012071496683E-16,1.1826209534508066E-17
20,-2.3,15.390504819552929,3.2772012071496683E-16,1.2672011824010443E-17
20,-2.2,15.47895710233708,3.2772012071496683E-16,1.3578305305626396E-17
20,-2.1,15.566617483204332,3.2772012071496683E-16,1.4549416267388896E-17
20,-2.0,15.653434139146363,3.2772012071496683E-16,1.5589980410445295E-17
20,-1.9,15.739352205324657,3.2772012071496683E-16,1.6704964978068233E-17
20,-1.8,15.824313645507303,3.2772012071496683E-16,1.789969246731822E-17
20,-1.7,15.908257124080968,3.2772012071496683E-16,1.917986603654764E-17
20,-1.6,15.991117880914663,3.2772012071496683E-16,2.0551596730031886E-17
20,-1.5,16.07282761053134,3.2772012071496683E-16,2.2021432649687225E-17
20,-1.4,16.153314347234755,3.2772012071496683E-16,2.359639021312961E-17
20,-1.3,16.232502358039937,3.2772012071496683E-16,2.5283987647288076E-17
20,-1.2,16.310312045464855,3.2772012071496683E-16,2.7092280877458338E-17
20,-1.1,16.386659862454763,3.2772012071496683E-16,2.902990198311625E-17
20,-1.0,16.46145824192655,3.2772012071496683E-16,3.1106100404064553E-17
20,-0.9,16.534615543632885,3.2772012071496683E-16,3.3330787093614456E-17
20,-0.8,16.606036021249714,3.2772012071496683E-16,3.571458182957235E-17
20,-0.7,16.67561981277967,3.2772012071496683E-16,3.826886390887504E-17
20,-0.6,16.743262957529314,3.2772012071496683E-16,4.100582646787026E-17
20,-0.5,16.808857443052393,3.2772012071496683E-16,4.3938534687546214E-17
20,-0.4,16.872291285543145,3.2772012071496683E-16,4.708098816155796E-17
20,-0.3,16.933448647203665,3.2772012071496683E-16,5.044818772477257E-17
20,-0.2,16.992209994084444,3.2772012071496683E-16,5.405620706134467E-17
20,-0.1,17.048452297796576,3.2772012071496683E-16,5.79222694341522E-17
20,0.0,17.102049284304442,3.2772012071496683E-16,6.206482990186823E-17
20,0.1,17.152871732718037,3.2772012071496683E-16,6.650366341614009E-17
20,0.2,17.200787826602852,3.2772012071496683E-16,7.125995921941804E-17
20,0.3,17.245663559803653,3.2772012071496683E-16,7.635642199405098E-17
20,0.4,17.287363198129555,3.2772012071496683E-16,8.181738024549501E-17
20,0.5,17.32574979746823,3.2772012071496683E-16,8.766890243701386E-17
20,0.6,17.360685777987538,3.2772012071496683E-16,9.393892143025263E-17
20,0.7,17.392033553049103,3.2772012071496683E-16,1.006573678257143E-16
20,0.8,17.419656210312354,3.2772012071496683E-16,1.0785631283965564E-16
20,0.9,17.443418241266833,3.2772012071496683E-16,1.1557012139943774E-16
20,1.0,17.46318631412072,3.2772012071496683E-16,1.2383561618815136E-16
20,1.1,17.47883008362588,3.2772012071496683E-16,1.3269225342159884E-16
20,1.2,17.490223030072887,3.2772012071496683E-16,1.4218231119672399E-16
20,1.3,17.497243318387426,3.2772012071496683E-16,1.523510913105909E-16
20,1.4,17.499774667050872,3.2772012071496683E-16,1.632471355133154E-16
20,1.5,17.497707215503777,3.2772012071496683E-16,1.7492245722725713E-16
20,1.6,17.490938377823266,3.2772012071496683E-16,1.8743278983860543E-16
20,1.7,17.479373669843156,3.2772012071496683E-16,2.0083785274660888E-16
20,1.8,17.462927496553636,3.2772012071496683E-16,2.15201636440459E-16
20,1.9,17.441523886611787,3.2772012071496683E-16,2.305927079646765E-16
20,2.0,17.415097161141137,3.2772012071496683E-16,2.4708453823116863E-16
20,2.1,17.38359252470986,3.2772012071496683E-16,2.6475585274041655E-16
20,2.2,17.346966567451847,3.2772012071496683E-16,2.836910073860011E-16
20,2.3,17.305187668713447,3.2772012071496683E-16,3.039803911364045E-16
20,2.4,17.258236294338136,3.2772012071496683E-16,3.257208575163361E-16
20,2.5,17.2061051816917,3.2772012071496683E-16,3.4901618694730176E-16
20,2.6,17.148799408720457,3.2772012071496683E-16,3.739775821544515E-16
20,2.7,17.08633634565135,3.2772012071496683E-16,4.007241990045778E-16
20,2.8,17.018745490307282,3.2772012071496683E-16,4.293837153092814E-16
20,2.9,16.94606819034197,3.2772012071496683E-16,4.600929403085431E-16
20,3.0,16.86835725791613,3.2772012071496683E-16,4.929984677441378E-16
20,3.1,16.785676484367734,3.2772012071496683E-16,5.282573756404032E-16
20,3.2,16.698100064208326,3.2772012071496683E-16,5.660379761328463E-16
20,3.3,16.6057119392544,3.2772012071496683E-16,6.065206189239677E-16
20,3.4,16.508605074839778,3.2772012071496683E-16,6.498985522016931E-16
20,3.5,16.40688068083162,3.2772012071496683E-16,6.963788451300846E-16
20,3.6,16.30064739058348,3.2772012071496683E-16,7.461833763159552E-16
20,3.7,16.190020411014277,3.2772012071496683E-16,7.995498929699236E-16
20,3.8,16.075120656725456,3.2772012071496683E-16,8.567331458179348E-16
20,3.9,15.956073880494849,3.2772012071496683E-16,9.180061051808631E-16
20,4.0,15.833009811658027,3.2772012071496683E-16,9.836612640272793E-16
20,4.1,15.706061312854846,3.2772012071496683E-16,1.0540120342196556E-15
20,4.2,15.575363564432188,3.2772012071496683E-16,1.1293942426191222E-15
20,4.3,15.441053284504731,3.2772012071496683E-16,1.2101677341905943E-15
20,4.4,15.303267991333275,3.2772012071496683E-16,1.2967180897608744E-15
20,4.5,15.1621453133298,3.2772012071496683E-16,1.3894584666296077E-15
20,4.6,15.017822350679149,3.2772012071496683E-16,1.4888315708194664E-15
20,4.7,14.87043509131249,3.2772012071496683E-16,1.595311770380289E-15
20,4.8,14.720117882803239,3.2772012071496683E-16,1.7094073598352637E-15
20,4.9,14.56700296070154,3.2772012071496683E-16,1.8316629865787344E-15
20,5.0,14.411220032891219,3.2772012071496683E-16,1.9626622508082837E-15
20,5.1,14.252895918750355,3.2772012071496683E-16,2.1030304914021688E-15
20,5.2,14.092154241224703,3.2772012071496683E-16,2.253437771040754E-15
20,5.3,13.929115169379426,3.2772012071496683E-16,2.414602074821769E-15
20,5.4,13.763895208572654,3.2772012071496683E-16,2.5872927376383056E-15
20,5.5,13.596607035085766,3.2772012071496683E-16,2.7723341166805024E-15
20,5.6,13.427359371838675,3.2772012071496683E-16,2.9706095265920034E-15
20,5.7,13.256256901702876,3.2772012071496683E-16,3.1830654560660803E-15
20,5.8,13.083400214887778,3.2772012071496683E-16,3.410716086009748E-15
20,5.9,12.908885786904827,3.2772012071496683E-16,3.6546481308438965E-15
20,6.0,12.732805983697897,3.2772012071496683E-16,3.916026026049767E-15
20,6.1,12.555249090655343,3.2772012071496683E-16,4.196097486725233E-15
20,6.2,12.376299362380243,3.2772012071496683E-16,4.496199463685085E-15
20,6.3,12.196037090280266,3.2772012071496683E-16,4.817764525537543E-15
20,6.4,12.014538685240538,3.2772012071496683E-16,5.162327697202374E-15
20,6.5,11.831876772854217,3.2772012071496683E-16,5.531533787515144E-15
20,6.6,11.648120298900952,3.2772012071496683E-16,5.927145240896566E-15
20,6.7,11.463334642978094,3.2772012071496683E-16,6.351050550567879E-15
20,6.8,11.277581738399704,3.2772012071496683E-16,6.805273273473409E-15
20,6.9,11.090920196681056,3.2772012071496683E-16,7.291981689944282E-15
20,7.0,10.903405435119415,3.2772012071496683E-16,7.813499154214436E-15
20,7.1,10.715089806163654,3.2772012071496683E-16,8.372315185198478E-15
20,7.2,10.52602272743477,3.2772012071496683E-16,8.971097350474137E-15
20,7.3,10.336250811416065,3.2772012071496683E-16,9.612704000198983E-15
20,7.4,10.145817993975436,3.2772012071496683E-16,1.0300197911747969E-14
20,7.5,9.954765661012818,3.2772012071496683E-16,1.1036860910206035E-14
20,7.6,9.763132772644061,3.2772012071496683E-16,1.1826209534508068E-14
20,7.7,9.57095598443824,3.2772012071496683E-16,1.2672011824010437E-14
20,7.8,9.378269765319985,3.2772012071496683E-16,1.3578305305626403E-14
20,7.9,9.185106511831947,3.2772012071496683E-16,1.4549416267388913E-14
20,8.0,8.991496658526017,3.2772012071496683E-16,1.5589980410445298E-14
20,8.1,8.79746878431624,3.2772012071496683E-16,1.6704964978068225E-14
20,8.2,8.603049714682092,3.2772012071496683E-16,1.7899692467318203E-14
20,8.3,8.408264619658821,3.2772012071496683E-16,1.917986603654763E-14
20,8.4,8.213137107592624,3.2772012071496683E-16,2.0551596730031898E-14
20,8.5,8.017689314673175,3.2772012071496683E-16,2.2021432649687213E-14
20,8.6,7.821941990285193,3.2772012071496683E-16,2.3596390213129604E-14
20,8.7,7.625914578245082,3.2772012071496683E-16,2.5283987647288058E-14
20,8.8,7.429625294008172,3.2772012071496683E-16,2.7092280877458357E-14
20,8.9,7.233091197948427,3.2772012071496683E-16,2.902990198311626E-14
20,9.0,7.0363282648246495,3.2772012071496683E-16,3.1106100404064553E-14
20,9.1,6.839351449557187,3.2772012071496683E-16,3.333078709361446E-14
20,9.2,6.642174749445942,3.2772012071496683E-16,3.571458182957234E-14
20,9.3,6.444811262965607,3.2772012071496683E-16,3.826886390887503E-14
20,9.4,6.247273245276937,3.2772012071496683E-16,4.1005826467870254E-14
20,9.5,6.049572160594373,3.2772012071496683E-16,4.393853468754618E-14
20,9.6,5.85171873155052,3.2772012071496683E-16,4.7080988161557974E-14
20,9.7,5.6537229856968825,3.2772012071496683E-16,5.044818772477257E-14
20,9.8,5.455594299278442,3.2772012071496683E-16,5.405620706134469E-14
20,9.9,5.257341438417007,3.2772012071496683E-16,5.79222694341522E-14
20,10.0,5.058972597834977,3.2772012071496683E-16,6.206482990186824E-14
40,-10.0,4.927338952652499,6.430019192156171E-16,1.241296598037365E-19
40,-9.9,5.027279003359526,6.430019192156171E-16,1.3300732683228016E-19
40,-9.8,5.12721476745318,6.430019192156171E-16,1.4251991843883602E-19
40,-9.7,5.227145938493887,6.430019192156171E-16,1.5271284398810198E-19
40,-9.6,5.32707218814587,6.430019192156171E-16,1.6363476049099004E-19
40,-9.5,5.426993164614137,6.430019192156171E-16,1.7533780487402775E-19
40,-9.4,5.526908490970119,6.430019192156171E-16,1.8787784286050517E-19
40,-9.3,5.6268177633580665,6.430019192156171E-16,2.013147356514286E-19
40,-9.2,5.726720549073743,6.430019192156171E-16,2.1571262567931135E-19
40,-9.1,5.826616384506387,6.430019192156171E-16,2.3114024279887573E-19
40,-9.0,5.926504772934247,6.430019192156171E-16,2.4767123237630283E-19
40,-8.9,6.026385182163341,6.430019192156171E-16,2.6538450684319763E-19
40,-8.8,6.126257041998333,6.430019192156171E-16,2.843646223934478E-19
40,-8.7,6.226119741533719,6.430019192156171E-16,3.0470218262118173E-19
40,-8.6,6.325972626252572,6.430019192156171E-16,3.2649427102663086E-19
40,-8.5,6.425814994919361,6.430019192156171E-16,3.498449144545144E-19
40,-8.4,6.525646096252267,6.430019192156171E-16,3.748655796772107E-19
40,-8.3,6.625465125359544,6.430019192156171E-16,4.016757054932173E-19
40,-8.2,6.725271219923301,6.430019192156171E-16,4.3040327288091806E-19
40,-8.1,6.825063456113004,6.430019192156171E-16,4.611854159293534E-19
40,-8.0,6.9248408442097755,6.430019192156171E-16,4.941690764623367E-19
40,-7.9,7.024602323921231,6.430019192156171E-16,5.295117054808333E-19
40,-7.8,7.124346759365217,6.430019192156171E-16,5.673820147720021E-19
40,-7.7,7.224072933699436,6.430019192156171E-16,6.07960782272809E-19
40,-7.6,7.323779543372231,6.430019192156171E-16,6.514417150326721E-19
40,-7.5,7.423465191968245,6.430019192156171E-16,6.980323738946035E-19
40,-7.4,7.523128383620897,6.430019192156171E-16,7.479551643089028E-19
40,-7.3,7.622767515961666,6.430019192156171E-16,8.014483980091553E-19
40,-7.2,7.722380872574296,6.430019192156171E-16,8.587674306185631E-19
40,-7.1,7.821966614919781,6.430019192156171E-16,9.201858806170869E-19
40,-7.0,7.921522773695903,6.430019192156171E-16,9.85996935488276E-19
40,-6.9,8.02104723959261,6.430019192156171E-16,1.056514751280806E-18
40,-6.8,8.120537753402052,6.430019192156171E-16,1.1320759522656928E-18
40,-6.7,8.21999189543947,6.430019192156171E-16,1.2130412378479359E-18
40,-6.6,8.319407074228325,6.430019192156171E-16,1.2997971044033869E-18
40,-6.5,8.418780514400044,6.430019192156171E-16,1.392757690260169E-18
40,-6.4,8.518109243755827,6.430019192156171E-16,1.4923667526319101E-18
40,-6.3,8.617390079434466,6.430019192156171E-16,1.5990997859398472E-18
40,-6.2,8.716619613126973,6.430019192156171E-16,1.71346629163587E-18
40,-6.1,8.815794195275014,6.430019192156171E-16,1.8360122103617266E-18
40,-6.0,8.914909918186558,6.430019192156171E-16,1.9673225280545582E-18
40,-5.9,9.013962597998217,6.430019192156171E-16,2.1080240684393112E-18
40,-5.8,9.112947755409678,6.430019192156171E-16,2.258788485238244E-18
40,-5.7,9.211860595111476,6.430019192156171E-16,2.420335468381189E-18
40,-5.6,9.310695983823056,6.430019192156171E-16,2.5934361795217485E-18
40,-5.5,9.40944842685354,6.430019192156171E-16,2.778916933259215E-18
40,-5.4,9.508112043093162,6.430019192156171E-16,2.9776631416389327E-18
40,-5.3,9.606680538338612,6.430019192156171E-16,3.190623540760578E-18
40,-5.2,9.7051471768509,6.430019192156171E-16,3.418814719670527E-18
40,-5.1,9.803504751039586,6.430019192156171E-16,3.6633259731574654E-18
40,-5.0,9.901745549162515,6.430019192156171E-16,3.925324501616566E-18
40,-4.9,9.999861320925648,6.430019192156171E-16,4.2060609828043346E-18
40,-4.8,10.09784324086292,6.430019192156171E-16,4.506875542081507E-18
40,-4.7,10.195681869371862,6.430019192156171E-16,4.829204149643536E-18
40,-4.6,10.293367111276638,6.430019192156171E-16,5.17458547527661E-18
40,-4.5,10.390888171786445,6.430019192156171E-16,5.544668233361001E-18
40,-4.4,10.488233509714107,6.430019192156171E-16,5.941219053184006E-18
40,-4.3,10.585390787817007,6.430019192156171E-16,6.366130912132157E-18
40,-4.2,10.682346820120838,6.430019192156171E-16,6.821432172019495E-18
40,-4.1,10.77908751608561,6.430019192156171E-16,7.309296261687787E-18
40,-4.0,10.875597821473708,6.430019192156171E-16,7.83205205209953E-18
40,-3.9,10.971861655781387,6.430019192156171E-16,8.392194973450464E-18
40,-3.8,11.067861846098213,6.430019192156171E-16,8.992398927370178E-18
40,-3.7,11.1635800572642,6.430019192156171E-16,9.635529051075083E-18
40,-3.6,11.2589967182016,6.430019192156171E-16,1.0324655394404749E-17
40,-3.5,11.35409094430825,6.430019192156171E-16,1.1063067575030285E-17
40,-3.4,11.448840455812254,6.430019192156171E-16,1.1854290481793137E-17
40,-3.3,11.543221492004115,6.430019192156171E-16,1.2702101101135754E-17
40,-3.2,11.637208721282546,6.430019192156171E-16,1.3610546546946815E-17
40,-3.1,11.73077514697503,6.430019192156171E-16,1.458396337988856E-17
40,-3.0,11.823892008923737,6.430019192156171E-16,1.562699830842887E-17
40,-2.9,11.916528680862902,6.430019192156171E-16,1.6744630370396964E-17
40,-2.8,12.008652563655406,6.430019192156171E-16,1.794219470094828E-17
40,-2.7,12.100228974505194,6.430019192156171E-16,1.9225408000397964E-17
40,-2.6,12.191221032318534,6.430019192156171E-16,2.060039582349595E-17
40,-2.5,12.28158953945252,6.430019192156171E-16,2.2073721820412072E-17
40,-2.4,12.371292860163543,6.430019192156171E-16,2.365241906901613E-17
40,-2.3,12.460286796153166,6.430019192156171E-16,2.5344023648020887E-17
40,-2.2,12.548524459704439,6.430019192156171E-16,2.7156610611252793E-17
40,-2.1,12.635956145008665,6.430019192156171E-16,2.909883253477779E-17
40,-2.0,12.7225291984021,6.430019192156171E-16,3.117996082089059E-17
40,-1.9,12.808187888363934,6.430019192156171E-16,3.3409929956136465E-17
40,-1.8,12.892873276271901,6.430019192156171E-16,3.579938493463644E-17
40,-1.7,12.976523089069882,6.430019192156171E-16,3.835973207309528E-17
40,-1.6,13.059071595172583,6.430019192156171E-16,4.110319346006377E-17
40,-1.5,13.140449485115406,6.430019192156171E-16,4.404286529937445E-17
40,-1.4,13.220583758651694,6.430019192156171E-16,4.719278042625922E-17
40,-1.3,13.299397620203038,6.430019192156171E-16,5.056797529457615E-17
40,-1.2,13.376810384779212,6.430019192156171E-16,5.4184561754916676E-17
40,-1.1,13.452737396699135,6.430019192156171E-16,5.80598039662325E-17
40,-1.0,13.527089963659567,6.430019192156171E-16,6.221220080812911E-17
40,-0.9,13.599775308909031,6.430019192156171E-16,6.666157418722891E-17
40,-0.8,13.670696544484798,6.430019192156171E-16,7.14291636591447E-17
40,-0.7,13.739752668653916,6.430019192156171E-16,7.653772781775008E-17
40,-0.6,13.806838590857165,6.430019192156171E-16,8.201165293574052E-17
40,-0.5,13.87184518757811,6.430019192156171E-16,8.787706937509243E-17
40,-0.4,13.934659392638212,6.430019192156171E-16,9.416197632311592E-17
40,-0.3,13.995164325441982,6.430019192156171E-16,1.0089637544954514E-16
40,-0.2,14.053239460651616,6.430019192156171E-16,1.0811241412268934E-16
40,-0.1,14.108760842646308,6.430019192156171E-16,1.158445388683044E-16
40,0.0,14.161601347905368,6.430019192156171E-16,1.2412965980373646E-16
40,0.1,14.211630998134488,6.430019192156171E-16,1.3300732683228018E-16
40,0.2,14.258717326520918,6.430019192156171E-16,1.4251991843883607E-16
40,0.3,14.302725798946803,6.430019192156171E-16,1.5271284398810196E-16
40,0.4,14.343520291305058,6.430019192156171E-16,1.6363476049099002E-16
40,0.5,14.38096362324619,6.430019192156171E-16,1.7533780487402772E-16
40,0.6,14.414918147739693,6.430019192156171E-16,1.8787784286050527E-16
40,0.7,14.44524639476732,6.430019192156171E-16,2.013147356514286E-16
40,0.8,14.47181176629112,6.430019192156171E-16,2.1571262567931128E-16
40,0.9,14.494479278376494,6.430019192156171E-16,2.311402427988755E-16
40,1.0,14.513116345026653,6.430019192156171E-16,2.4767123237630273E-16
40,1.1,14.527593596933412,6.430019192156171E-16,2.653845068431977E-16
40,1.2,14.53778572701005,6.430019192156171E-16,2.8436462239344797E-16
40,1.3,14.54357235329101,6.430019192156171E-16,3.047021826211818E-16
40,1.4,14.54483888860933,6.430019192156171E-16,3.264942710266308E-16
40,1.5,14.541477405448056,6.430019192156171E-16,3.4984491445451425E-16
40,1.6,14.53338748355738,6.430019192156171E-16,3.7486557967721086E-16
40,1.7,14.52047702738354,6.430019192156171E-16,4.0167570549321776E-16
40,1.8,14.50266304011063,6.430019192156171E-16,4.30403272880918E-16
40,1.9,14.479872341206814,6.430019192156171E-16,4.61185415929353E-16
40,2.0,14.452042214813616,6.430019192156171E-16,4.941690764623373E-16
40,2.1,14.419120977130165,6.430019192156171E-16,5.295117054808331E-16
40,2.2,14.381068452116647,6.430019192156171E-16,5.673820147720022E-16
40,2.3,14.337856346350248,6.430019192156171E-16,6.07960782272809E-16
40,2.4,14.289468515674027,6.430019192156171E-16,6.514417150326722E-16
40,2.5,14.23590111833182,6.430019192156171E-16,6.980323738946035E-16
40,2.6,14.177162651514564,6.430019192156171E-16,7.47955164308903E-16
40,2.7,14.113273870581505,6.430019192156171E-16,8.014483980091556E-16
40,2.8,14.044267592582912,6.430019192156171E-16,8.587674306185628E-16
40,2.9,13.97018838801829,6.430019192156171E-16,9.201858806170863E-16
40,3.0,13.89109216693688,6.430019192156171E-16,9.859969354882755E-16
40,3.1,13.807045667454327,6.430019192156171E-16,1.0565147512808064E-15
40,3.2,13.718125856459345,6.430019192156171E-16,1.1320759522656925E-15
40,3.3,13.624419253669958,6.430019192156171E-16,1.2130412378479354E-15
40,3.4,13.52602119123733,6.430019192156171E-16,1.2997971044033861E-15
40,3.5,13.42303502177022,6.430019192156171E-16,1.3927576902601693E-15
40,3.6,13.315571287963714,6.430019192156171E-16,1.4923667526319104E-15
40,3.7,13.203746866976338,6.430019192156171E-16,1.5990997859398472E-15
40,3.8,13.087684102336798,6.430019192156171E-16,1.7134662916358696E-15
40,3.9,12.967509935512691,6.430019192156171E-16,1.8360122103617263E-15
40,4.0,12.843355048383863,6.430019192156171E-16,1.9673225280545587E-15
40,4.1,12.715353026782147,6.430019192156171E-16,2.1080240684393112E-15
40,4.2,12.583639554039042,6.430019192156171E-16,2.2587884852382443E-15
40,4.3,12.448351642174163,6.430019192156171E-16,2.4203354683811886E-15
40,4.4,12.309626907008473,6.430019192156171E-16,2.593436179521749E-15
40,4.5,12.1676028921409,6.430019192156171E-16,2.7789169332592155E-15
40,4.6,12.022416445422518,6.430019192156171E-16,2.977663141638933E-15
40,4.7,11.874203150330471,6.430019192156171E-16,3.190623540760578E-15
40,4.8,11.72309681350814,6.430019192156171E-16,3.4188147196705275E-15
40,4.9,11.569229008716427,6.430019192156171E-16,3.663325973157469E-15
40,5.0,11.412728676544328,6.430019192156171E-16,3.925324501616567E-15
40,5.1,11.253721778460477,6.430019192156171E-16,4.2060609828043376E-15
40,5.2,11.092331003151434,6.430019192156171E-16,4.506875542081508E-15
40,5.3,10.92867552258329,6.430019192156171E-16,4.829204149643538E-15
40,5.4,10.762870794833601,6.430019192156171E-16,5.174585475276611E-15
40,5.5,10.595028410461422,6.430019192156171E-16,5.544668233361005E-15
40,5.6,10.425255979003174,6.430019192156171E-16,5.941219053184007E-15
40,5.7,10.253657052089384,6.430019192156171E-16,6.366130912132161E-15
40,5.8,10.080331079659725,6.430019192156171E-16,6.821432172019496E-15
40,5.9,9.905373395799202,6.430019192156171E-16,7.309296261687793E-15
40,6.0,9.728875230815202,6.430019192156171E-16,7.832052052099534E-15
40,6.1,9.550923746312584,6.430019192156171E-16,8.392194973450465E-15
40,6.2,9.37160209019251,6.430019192156171E-16,8.99239892737017E-15
40,6.3,9.1909894686911,6.430019192156171E-16,9.635529051075086E-15
40,6.4,9.009161232779238,6.430019192156171E-16,1.0324655394404748E-14
40,6.5,8.826188976457773,6.430019192156171E-16,1.1063067575030287E-14
40,6.6,8.642140644698141,6.430019192156171E-16,1.1854290481793132E-14
40,6.7,8.457080648992086,6.430019192156171E-16,1.2702101101135759E-14
40,6.8,8.271069988682694,6.430019192156171E-16,1.3610546546946817E-14
40,6.9,8.084166376448932,6.430019192156171E-16,1.4583963379888565E-14
40,7.0,7.896424366506168,6.430019192156171E-16,1.562699830842887E-14
40,7.1,7.707895484263401,6.430019192156171E-16,1.6744630370396956E-14
40,7.2,7.518628356344149,6.430019192156171E-16,1.7942194700948274E-14
40,7.3,7.328668840030817,6.430019192156171E-16,1.9225408000397965E-14
40,7.4,7.1380601513325495,6.430019192156171E-16,2.0600395823495938E-14
40,7.5,6.946842991003659,6.430019192156171E-16,2.207372182041207E-14
40,7.6,6.755055667954385,6.430019192156171E-16,2.3652419069016136E-14
40,7.7,6.562734219598393,6.430019192156171E-16,2.5344023648020873E-14
40,7.8,6.369912528772782,6.430019192156171E-16,2.7156610611252807E-14
40,7.9,6.176622436947092,6.430019192156171E-16,2.9098832534777825E-14
40,8.0,5.982893853508678,6.430019192156171E-16,3.1179960820890596E-14
40,8.1,5.788754860973638,6.430019192156171E-16,3.340992995613645E-14
40,8.2,5.594231816026067,6.430019192156171E-16,3.5799384934636405E-14
40,8.3,5.399349446334351,6.430019192156171E-16,3.835973207309526E-14
40,8.4,5.204130943132553,6.430019192156171E-16,4.1103193460063796E-14
40,8.5,5.008598049588012,6.430019192156171E-16,4.4042865299374426E-14
40,8.6,4.812771145004047,6.430019192156171E-16,4.719278042625921E-14
40,8.7,4.616669324929681,6.430019192156171E-16,5.0567975294576115E-14
40,8.8,4.420310477266733,6.430019192156171E-16,5.4184561754916714E-14
40,8.9,4.223711354479925,6.430019192156171E-16,5.805980396623252E-14
40,9.0,4.026887642026987,6.430019192156171E-16,6.221220080812911E-14
40,9.1,3.829854023134959,6.430019192156171E-16,6.666157418722891E-14
40,9.2,3.632624240055086,6.430019192156171E-16,7.142916365914468E-14
40,9.3,3.4352111519331965,6.430019192156171E-16,7.653772781775006E-14
40,9.4,3.2376267894349695,6.430019192156171E-16,8.201165293574051E-14
40,9.5,3.0398824062665417,6.430019192156171E-16,8.787706937509236E-14
40,9.6,2.8419885277307855,6.430019192156171E-16,9.416197632311595E-14
40,9.7,2.643954996458235,6.430019192156171E-16,1.0089637544954514E-13
40,9.8,2.445791015449554,6.430019192156171E-16,1.0811241412268938E-13
40,9.9,2.2475051885636645,6.430019192156171E-16,1.158445388683044E-13
40,10.0,2.0491055585821476,6.430019192156171E-16,1.241296598037365E-13
