case,length_km,neighbours,overlap_fraction,xt_ratio
length,10.0,1,1.0,6.400000000000001E-5
length,50.0,1,1.0,3.1999999999999997E-4
length,100.0,1,1.0,6.399999999999999E-4
length,200.0,1,1.0,0.0012799999999999999
length,500.0,1,1.0,0.0032
length,1000.0,1,1.0,0.0064
length,2000.0,1,1.0,0.0128
neighbours,100,0,1.0,0.0
neighbours,100,1,1.0,6.399999999999999E-4
neighbours,100,2,1.0,0.0012799999999999999
neighbours,100,3,1.0,0.00192
neighbours,100,4,1.0,0.0025599999999999998
neighbours,100,5,1.0,0.0032
neighbours,100,6,1.0,0.0038400000000000005
overlap,100,1,1.0,6.399999999999999E-4
overlap,100,1,0.75,4.8E-4
overlap,100,1,0.5,3.1999999999999997E-4
overlap,100,1,0.25,1.5999999999999999E-4
overlap,100,1,0.0,0.0
