gain,length_km,active_channels,total_power_dbm,ase_w_per_hz,snr_ase_db
fixed,800,1,0.0,1.700792214646418E-16,20.703787364573838
fixed,800,3,4.771212547196624,1.700792214646418E-16,20.703787364573838
fixed,800,5,6.989700043360188,1.700792214646418E-16,20.703787364573838
fixed,800,7,8.450980400142567,1.700792214646418E-16,20.703787364573838
fixed,800,9,9.542425094393248,1.700792214646418E-16,20.703787364573838
fixed,800,11,10.413926851582252,1.700792214646418E-16,20.703787364573838
fixed,800,13,11.13943352306837,1.700792214646418E-16,20.703787364573838
fixed,800,15,11.760912590556813,1.700792214646418E-16,20.703787364573838
fixed,800,17,12.304489213782741,1.700792214646418E-16,20.703787364573838
fixed,800,19,12.787536009528292,1.700792214646418E-16,20.703787364573838
fixed,800,21,13.222192947339195,1.700792214646418E-16,20.703787364573838
fixed,800,23,13.61727836017593,1.700792214646418E-16,20.703787364573838
fixed,800,25,13.979400086720378,1.700792214646418E-16,20.703787364573838
fixed,800,27,14.313637641589876,1.700792214646418E-16,20.703787364573838
fixed,800,29,14.623979978989563,1.700792214646418E-16,20.703787364573838
fixed,800,31,14.91361693834273,1.700792214646418E-16,20.703787364573838
fixed,800,33,15.185139398778878,1.700792214646418E-16,20.703787364573838
fixed,800,35,15.440680443502758,1.700792214646418E-16,20.703787364573838
fixed,800,37,15.682017240669953,1.700792214646418E-16,20.703787364573838
fixed,800,39,15.910646070264995,1.700792214646418E-16,20.703787364573838
fixed,800,41,16.127838567197358,1.700792214646418E-16,20.703787364573838
fixed,800,43,16.334684555795867,1.700792214646418E-16,20.703787364573838
fixed,800,45,16.53212513775344,1.700792214646418E-16,20.703787364573838
fixed,800,47,16.720978579357176,1.700792214646418E-16,20.703787364573838
fixed,800,49,16.90196080028514,1.700792214646418E-16,20.703787364573838
fixed,800,51,17.075701760979367,1.700792214646418E-16,20.703787364573838
fixed,800,53,17.242758696007893,1.700792214646418E-16,20.703787364573838
fixed,800,55,17.40362689494244,1.700792214646418E-16,20.703787364573838
fixed,800,57,17.558748556724918,1.700792214646418E-16,20.703787364573838
fixed,800,59,17.708520116421443,1.700792214646418E-16,20.703787364573838
fixed,800,61,17.853298350107675,1.700792214646418E-16,20.703787364573838
fixed,800,63,17.99340549453582,1.700792214646418E-16,20.703787364573838
fixed,800,65,18.12913356642856,1.700792214646418E-16,20.703787364573838
fixed,800,67,18.260748027008265,1.700792214646418E-16,20.703787364573838
fixed,800,69,18.388490907372557,1.700792214646418E-16,20.703787364573838
fixed,800,71,18.512583487190753,1.700792214646418E-16,20.703787364573838
fixed,800,73,18.63322860120456,1.700792214646418E-16,20.703787364573838
fixed,800,75,18.750612633917005,1.700792214646418E-16,20.703787364573838
fixed,800,77,18.864907251724823,1.700792214646418E-16,20.703787364573838
saturated,800,1,0.0,1.918544353433227E-16,20.180581518749445
saturated,800,3,4.771212547196624,2.3540456376777373E-16,19.29215117445656
saturated,800,5,6.989700043360188,2.78954409373576E-16,18.554967650619638
saturated,800,7,8.450980400142567,3.225040439782844E-16,17.92494830905276
saturated,800,9,9.542425094393248,3.660535069161854E-16,17.37485423766836
saturated,800,11,10.413926851582252,4.0960282268064804E-16,16.886670548485366
saturated,800,13,11.13943352306837,4.531520078228903E-16,16.44786087061666
saturated,800,15,11.760912590556813,4.967010741783895E-16,16.04934896451438
saturated,800,17,12.304489213782741,5.40250030568321E-16,15.684351955355368
saturated,800,19,12.787536009528292,5.837988837781056E-16,15.347667353810724
saturated,800,21,13.222192947339195,6.273476391585021E-16,15.035217276737704
saturated,800,23,13.61727836017593,6.708963010143765E-16,14.74374598263404
saturated,800,25,13.979400086720378,7.144448728668137E-16,14.47061271750976
saturated,800,27,14.313637641589876,7.579933576360191E-16,14.213645957768662
saturated,800,29,14.623979978989563,8.015417577725871E-16,13.97103843025208
saturated,800,31,14.91361693834273,8.450900753540436E-16,13.741269942357706
saturated,800,33,15.185139398778878,8.886383121573777E-16,13.523049624738965
saturated,800,35,15.440680443502758,9.321864697144222E-16,13.315272006192377
saturated,800,37,15.682017240669953,9.75734549354923E-16,13.116983126597347
saturated,800,39,15.910646070264995,1.0192825522403906E-15,12.927354055053241
saturated,800,41,16.127838567197358,1.0628304793911044E-15,12.745659952385342
saturated,800,43,16.334684555795867,1.1063783317079085E-15,12.571263340868033
saturated,800,45,16.53212513775344,1.1499261099898476E-15,12.403600605752809
saturated,800,47,16.720978579357176,1.1934738149487964E-15,12.242171007233843
saturated,800,49,16.90196080028514,1.2370214472213774E-15,12.086527662619016
saturated,800,51,17.075701760979367,1.2805690073790645E-15,11.936270089419816
saturated,800,53,17.242758696007893,1.3241164959365958E-15,11.79103799595988
saturated,800,55,17.40362689494244,1.3676639133590395E-15,11.650506077142058
saturated,800,57,17.558748556724918,1.4112112600678543E-15,11.514379626226754
saturated,800,59,17.708520116421443,1.4547585364460677E-15,11.382390813740301
saturated,800,61,17.853298350107675,1.4983057428426296E-15,11.254295515389943
saturated,800,63,17.99340549453582,1.5418528795763141E-15,11.129870594564245
saturated,800,65,18.12913356642856,1.5853999469389178E-15,11.008911563418192
saturated,800,67,18.260748027008265,1.6289469451982275E-15,10.891230560963397
saturated,800,69,18.388490907372557,1.6724938746004496E-15,10.776654597963748
saturated,800,71,18.512583487190753,1.7160407353724112E-15,10.665024027471695
saturated,800,73,18.63322860120456,1.7595875277235213E-15,10.55619120706535
saturated,800,75,18.750612633917005,1.803134251847415E-15,10.45001932465745
saturated,800,77,18.864907251724823,1.846680907923496E-15,10.34638136444704
