mode,signal_slots,launch_power_dbm,psd_dbm_per_ghz
variable PSD,1,0.0,-10.969100130080564
variable PSD,2,0.0,-13.979400086720375
variable PSD,3,0.0,-15.740312677277188
variable PSD,4,0.0,-16.989700043360187
variable PSD,5,0.0,-17.958800173440753
variable PSD,6,0.0,-18.750612633917
variable PSD,7,0.0,-19.42008053022313
variable PSD,8,0.0,-20.0
variable PSD,9,0.0,-20.511525224473814
variable PSD,10,0.0,-20.969100130080562
variable PSD,11,0.0,-21.383026981662816
variable PSD,12,0.0,-21.760912590556813
variable PSD,13,0.0,-22.108533653148932
variable PSD,14,0.0,-22.430380486862944
variable PSD,15,0.0,-22.730012720637376
variable PSD,16,0.0,-23.010299956639813
fixed PSD,1,0.0,-10.969100130080564
fixed PSD,2,3.010299956639812,-10.969100130080564
fixed PSD,3,4.771212547196624,-10.969100130080564
fixed PSD,4,6.020599913279624,-10.969100130080564
fixed PSD,5,6.989700043360188,-10.969100130080564
fixed PSD,6,7.781512503836437,-10.969100130080564
fixed PSD,7,8.450980400142567,-10.969100130080564
fixed PSD,8,9.030899869919436,-10.969100130080564
fixed PSD,9,9.542425094393248,-10.969100130080564
fixed PSD,10,10.0,-10.969100130080564
fixed PSD,11,10.41392685158225,-10.969100130080564
fixed PSD,12,10.79181246047625,-10.969100130080564
fixed PSD,13,11.139433523068368,-10.969100130080564
fixed PSD,14,11.46128035678238,-10.969100130080564
fixed PSD,15,11.760912590556813,-10.969100130080564
fixed PSD,16,12.041199826559248,-10.969100130080564
