group,variant,load,rep,bp,bp_fragmentation,bp_qot_new,bp_qot_others,bp_xt,bp_xt_others,mean_snr_db,mean_slots,share_4QAM,share_8QAM,share_16QAM,share_32QAM,share_64QAM
impairments,"No QoT",400.0,0,0.0,0.0,0.0,0.0,0.0,0.0,18.006991115427823,4.181100000000001,0.0,0.0,0.84355,0.11465,0.0418
impairments,"No QoT",400.0,1,0.0,0.0,0.0,0.0,0.0,0.0,18.130527627353622,4.16655,0.0,0.0,0.8331,0.1223,0.0446
impairments,"No QoT",400.0,2,0.0,0.0,0.0,0.0,0.0,0.0,18.090558544358903,4.16935,0.0,0.0,0.82985,0.1249,0.04525
impairments,"No QoT",400.0,3,0.0,0.0,0.0,0.0,0.0,0.0,18.110806050148202,4.16085,0.0,0.0,0.83145,0.1235,0.04505
impairments,"No QoT",400.0,4,0.0,0.0,0.0,0.0,0.0,0.0,18.08389965515664,4.187,0.0,0.0,0.83325,0.1234,0.04335
impairments,"No QoT",600.0,0,0.0,0.0,0.0,0.0,0.0,0.0,17.423673490982214,4.181100000000001,0.0,0.0,0.84355,0.11465,0.0418
impairments,"No QoT",600.0,1,0.0,0.0,0.0,0.0,0.0,0.0,17.555867876923916,4.16655,0.0,0.0,0.8331,0.1223,0.0446
impairments,"No QoT",600.0,2,0.0,0.0,0.0,0.0,0.0,0.0,17.519838115005648,4.16935,0.0,0.0,0.82985,0.1249,0.04525
impairments,"No QoT",600.0,3,0.0,0.0,0.0,0.0,0.0,0.0,17.530876164055957,4.16085,0.0,0.0,0.83145,0.1235,0.04505
impairments,"No QoT",600.0,4,0.0,0.0,0.0,0.0,0.0,0.0,17.50836833678431,4.187,0.0,0.0,0.83325,0.1234,0.04335
impairments,"No QoT",800.0,0,0.0,0.0,0.0,0.0,0.0,0.0,17.033793747245152,4.181100000000001,0.0,0.0,0.84355,0.11465,0.0418
impairments,"No QoT",800.0,1,0.0,0.0,0.0,0.0,0.0,0.0,17.14338036197924,4.16655,0.0,0.0,0.8331,0.1223,0.0446
impairments,"No QoT",800.0,2,0.0,0.0,0.0,0.0,0.0,0.0,17.097934848347922,4.16935,0.0,0.0,0.82985,0.1249,0.04525
impairments,"No QoT",800.0,3,0.0,0.0,0.0,0.0,0.0,0.0,17.121034411202714,4.16085,0.0,0.0,0.83145,0.1235,0.04505
impairments,"No QoT",800.0,4,0.0,0.0,0.0,0.0,0.0,0.0,17.093466867689664,4.187,0.0,0.0,0.83325,0.1234,0.04335
impairments,"No QoT",1000.0,0,0.0,0.0,0.0,0.0,0.0,0.0,16.71609778706352,4.181100000000001,0.0,0.0,0.84355,0.11465,0.0418
impairments,"No QoT",1000.0,1,0.0,0.0,0.0,0.0,0.0,0.0,16.830586186063314,4.16655,0.0,0.0,0.8331,0.1223,0.0446
impairments,"No QoT",1000.0,2,0.0,0.0,0.0,0.0,0.0,0.0,16.789315800870504,4.16935,0.0,0.0,0.82985,0.1249,0.04525
impairments,"No QoT",1000.0,3,0.0,0.0,0.0,0.0,0.0,0.0,16.80089788946289,4.16085,0.0,0.0,0.83145,0.1235,0.04505
impairments,"No QoT",1000.0,4,0.0,0.0,0.0,0.0,0.0,0.0,16.77684651060618,4.187,0.0,0.0,0.83325,0.1234,0.04335
impairments,"No QoT",1200.0,0,6.846237778395841E-4,6.846237778395841E-4,0.0,0.0,0.0,0.0,16.45814795478323,4.179780901405632,0.0,0.0,0.8432794757640938,0.11490170576759542,0.04181881846831074
impairments,"No QoT",1200.0,1,0.0,0.0,0.0,0.0,0.0,0.0,16.576035864922677,4.16655,0.0,0.0,0.8331,0.1223,0.0446
impairments,"No QoT",1200.0,2,0.0,0.0,0.0,0.0,0.0,0.0,16.54230680920304,4.16935,0.0,0.0,0.82985,0.1249,0.04525
impairments,"No QoT",1200.0,3,4.297286263724458E-4,4.297286263724458E-4,0.0,0.0,0.0,0.0,16.531762918907052,4.158939734933734,0.0,0.0,0.8323080770192548,0.12263065766441611,0.045061265316329084
impairments,"No QoT",1200.0,4,0.0011051837367962423,0.0011051837367962423,0.0,0.0,0.0,0.0,16.511495681765215,4.185670685945865,0.0,0.0,0.834192224946215,0.12232951418421974,0.043478260869565216
impairments,"ASE",400.0,0,0.0,0.0,0.0,0.0,0.0,0.0,21.71399502661754,4.181100000000001,0.0,0.0,0.84355,0.11465,0.0418
impairments,"ASE",400.0,1,0.0,0.0,0.0,0.0,0.0,0.0,21.839671974381186,4.16655,0.0,0.0,0.8331,0.1223,0.0446
impairments,"ASE",400.0,2,0.0,0.0,0.0,0.0,0.0,0.0,21.810551835241522,4.16935,0.0,0.0,0.82985,0.1249,0.04525
impairments,"ASE",400.0,3,0.0,0.0,0.0,0.0,0.0,0.0,21.834276112144167,4.16085,0.0,0.0,0.83145,0.1235,0.04505
impairments,"ASE",400.0,4,0.0,0.0,0.0,0.0,0.0,0.0,21.783004305515522,4.187,0.0,0.0,0.83325,0.1234,0.04335
impairments,"ASE",600.0,0,0.0,0.0,0.0,0.0,0.0,0.0,21.71399502661754,4.181100000000001,0.0,0.0,0.84355,0.11465,0.0418
impairments,"ASE",600.0,1,0.0,0.0,0.0,0.0,0.0,0.0,21.839671974381186,4.16655,0.0,0.0,0.8331,0.1223,0.0446
impairments,"ASE",600.0,2,0.0,0.0,0.0,0.0,0.0,0.0,21.810551835241522,4.16935,0.0,0.0,0.82985,0.1249,0.04525
impairments,"ASE",600.0,3,0.0,0.0,0.0,0.0,0.0,0.0,21.834276112144167,4.16085,0.0,0.0,0.83145,0.1235,0.04505
impairments,"ASE",600.0,4,0.0,0.0,0.0,0.0,0.0,0.0,21.783004305515522,4.187,0.0,0.0,0.83325,0.1234,0.04335
impairments,"ASE",800.0,0,0.0,0.0,0.0,0.0,0.0,0.0,21.71399502661754,4.181100000000001,0.0,0.0,0.84355,0.11465,0.0418
impairments,"ASE",800.0,1,0.0,0.0,0.0,0.0,0.0,0.0,21.839671974381186,4.16655,0.0,0.0,0.8331,0.1223,0.0446
impairments,"ASE",800.0,2,0.0,0.0,0.0,0.0,0.0,0.0,21.810551835241522,4.16935,0.0,0.0,0.82985,0.1249,0.04525
impairments,"ASE",800.0,3,0.0,0.0,0.0,0.0,0.0,0.0,21.834276112144167,4.16085,0.0,0.0,0.83145,0.1235,0.04505
impairments,"ASE",800.0,4,0.0,0.0,0.0,0.0,0.0,0.0,21.783004305515522,4.187,0.0,0.0,0.83325,0.1234,0.04335
impairments,"ASE",1000.0,0,0.0,0.0,0.0,0.0,0.0,0.0,21.71399502661754,4.181100000000001,0.0,0.0,0.84355,0.11465,0.0418
impairments,"ASE",1000.0,1,0.0,0.0,0.0,0.0,0.0,0.0,21.839671974381186,4.16655,0.0,0.0,0.8331,0.1223,0.0446
impairments,"ASE",1000.0,2,0.0,0.0,0.0,0.0,0.0,0.0,21.810551835241522,4.16935,0.0,0.0,0.82985,0.1249,0.04525
impairments,"ASE",1000.0,3,0.0,0.0,0.0,0.0,0.0,0.0,21.834276112144167,4.16085,0.0,0.0,0.83145,0.1235,0.04505
impairments,"ASE",1000.0,4,0.0,0.0,0.0,0.0,0.0,0.0,21.783004305515522,4.187,0.0,0.0,0.83325,0.1234,0.04335
impairments,"ASE",1200.0,0,6.846237778395841E-4,6.846237778395841E-4,0.0,0.0,0.0,0.0,21.717158597610936,4.179780901405632,0.0,0.0,0.8432794757640938,0.11490170576759542,0.04181881846831074
impairments,"ASE",1200.0,1,0.0,0.0,0.0,0.0,0.0,0.0,21.839671974381186,4.16655,0.0,0.0,0.8331,0.1223,0.0446
impairments,"ASE",1200.0,2,0.0,0.0,0.0,0.0,0.0,0.0,21.810551835241522,4.16935,0.0,0.0,0.82985,0.1249,0.04525
impairments,"ASE",1200.0,3,4.297286263724458E-4,4.297286263724458E-4,0.0,0.0,0.0,0.0,21.83149231046812,4.158939734933734,0.0,0.0,0.8323080770192548,0.12263065766441611,0.045061265316329084
impairments,"ASE",1200.0,4,0.0011051837367962423,0.0011051837367962423,0.0,0.0,0.0,0.0,21.77898622536964,4.185670685945865,0.0,0.0,0.834192224946215,0.12232951418421974,0.043478260869565216
impairments,"ASE+NLI",400.0,0,0.0,0.0,0.0,0.0,0.0,0.0,18.67552510389762,4.181100000000001,0.0,0.0,0.84355,0.11465,0.0418
impairments,"ASE+NLI",400.0,1,0.0,0.0,0.0,0.0,0.0,0.0,18.787265740166628,4.16655,0.0,0.0,0.8331,0.1223,0.0446
impairments,"ASE+NLI",400.0,2,0.0,0.0,0.0,0.0,0.0,0.0,18.74588614224163,4.16935,0.0,0.0,0.82985,0.1249,0.04525
impairments,"ASE+NLI",400.0,3,0.0,0.0,0.0,0.0,0.0,0.0,18.75816606935485,4.16085,0.0,0.0,0.83145,0.1235,0.04505
impairments,"ASE+NLI",400.0,4,0.0,0.0,0.0,0.0,0.0,0.0,18.75102197653107,4.187,0.0,0.0,0.83325,0.1234,0.04335
impairments,"ASE+NLI",600.0,0,0.0,0.0,0.0,0.0,0.0,0.0,18.552669357905472,4.181100000000001,0.0,0.0,0.84355,0.11465,0.0418
impairments,"ASE+NLI",600.0,1,0.0,0.0,0.0,0.0,0.0,0.0,18.67055567065942,4.16655,0.0,0.0,0.8331,0.1223,0.0446
impairments,"ASE+NLI",600.0,2,0.0,0.0,0.0,0.0,0.0,0.0,18.634175597575204,4.16935,0.0,0.0,0.82985,0.1249,0.04525
impairments,"ASE+NLI",600.0,3,0.0,0.0,0.0,0.0,0.0,0.0,18.63129405335956,4.16085,0.0,0.0,0.83145,0.1235,0.04505
impairments,"ASE+NLI",600.0,4,0.0,0.0,0.0,0.0,0.0,0.0,18.631246608046634,4.187,0.0,0.0,0.83325,0.1234,0.04335
impairments,"ASE+NLI",800.0,0,0.0,0.0,0.0,0.0,0.0,0.0,18.498690977562333,4.181100000000001,0.0,0.0,0.84355,0.11465,0.0418
impairments,"ASE+NLI",800.0,1,0.0,0.0,0.0,0.0,0.0,0.0,18.587531658843663,4.16655,0.0,0.0,0.8331,0.1223,0.0446
impairments,"ASE+NLI",800.0,2,0.0,0.0,0.0,0.0,0.0,0.0,18.549560313246037,4.16935,0.0,0.0,0.82985,0.1249,0.04525
impairments,"ASE+NLI",800.0,3,0.0,0.0,0.0,0.0,0.0,0.0,18.551238149271473,4.16085,0.0,0.0,0.83145,0.1235,0.04505
impairments,"ASE+NLI",800.0,4,0.0,0.0,0.0,0.0,0.0,0.0,18.54587994275616,4.187,0.0,0.0,0.83325,0.1234,0.04335
impairments,"ASE+NLI",1000.0,0,0.0,0.0,0.0,0.0,0.0,0.0,18.428961029338396,4.181100000000001,0.0,0.0,0.84355,0.11465,0.0418
impairments,"ASE+NLI",1000.0,1,0.0,0.0,0.0,0.0,0.0,0.0,18.520108771653664,4.16655,0.0,0.0,0.8331,0.1223,0.0446
impairments,"ASE+NLI",1000.0,2,0.0,0.0,0.0,0.0,0.0,0.0,18.496135677108892,4.16935,0.0,0.0,0.82985,0.1249,0.04525
impairments,"ASE+NLI",1000.0,3,0.0,0.0,0.0,0.0,0.0,0.0,18.489811479986095,4.16085,0.0,0.0,0.83145,0.1235,0.04505
impairments,"ASE+NLI",1000.0,4,0.0,0.0,0.0,0.0,0.0,0.0,18.48978227098503,4.187,0.0,0.0,0.83325,0.1234,0.04335
impairments,"ASE+NLI",1200.0,0,6.846237778395841E-4,6.846237778395841E-4,0.0,0.0,0.0,0.0,18.38051393687376,4.179780901405632,0.0,0.0,0.8432794757640938,0.11490170576759542,0.04181881846831074
impairments,"ASE+NLI",1200.0,1,0.0,0.0,0.0,0.0,0.0,0.0,18.48600506730696,4.16655,0.0,0.0,0.8331,0.1223,0.0446
impairments,"ASE+NLI",1200.0,2,0.0,0.0,0.0,0.0,0.0,0.0,18.45842596774405,4.16935,0.0,0.0,0.82985,0.1249,0.04525
impairments,"ASE+NLI",1200.0,3,4.297286263724458E-4,4.297286263724458E-4,0.0,0.0,0.0,0.0,18.450084466480718,4.158939734933734,0.0,0.0,0.8323080770192548,0.12263065766441611,0.045061265316329084
impairments,"ASE+NLI",1200.0,4,0.0011051837367962423,0.0011051837367962423,0.0,0.0,0.0,0.0,18.452482841772028,4.185670685945865,0.0,0.0,0.834192224946215,0.12232951418421974,0.043478260869565216
impairments,"ASE+NLI+XT",400.0,0,0.027049673427294602,0.0,0.0,0.0,0.008959264352011,0.018090409075283604,18.50992188130668,4.414710159983379,0.05516309993766881,0.0664865987949304,0.7201849158528985,0.1155724080615001,0.042592977353002284
impairments,"ASE+NLI+XT",400.0,1,0.02664298401420959,0.0,0.0,0.0,0.012711592373044577,0.013931391641165015,18.57386807838671,4.3802948021722266,0.0452029997414016,0.06361520558572537,0.7235583139384536,0.12309283682441169,0.04453064391000776
impairments,"ASE+NLI+XT",400.0,2,0.030032484994514122,0.0,0.0,0.0,0.00910010111223458,0.020932383882279543,18.560905784716365,4.425582972507694,0.05644530231102301,0.0738692680891022,0.7060879545098857,0.11847253377849654,0.045124941311492514
impairments,"ASE+NLI+XT",400.0,3,0.029747395215393577,0.0,0.0,0.0,0.012274305930064499,0.017473089285329077,18.566444500039207,4.396497973604904,0.052790190169385846,0.07237867608853787,0.709550036371194,0.11815442169801517,0.04712667567286709
impairments,"ASE+NLI+XT",400.0,4,0.02236490101658641,0.0,0.0,0.0,0.008838951310861423,0.013525949705724986,18.491898628666284,4.4183720810351055,0.051961441311407806,0.06933347079746378,0.7232331563482653,0.11397494716222485,0.041496984380638174
impairments,"ASE+NLI+XT",600.0,0,0.0438675599072404,0.0,0.0,0.0,0.02011938503822039,0.023748174869020013,18.358712339397364,4.491352035435562,0.06997468888420165,0.08431765450326935,0.6899915629614005,0.11247627082893905,0.04323982282218941
impairments,"ASE+NLI+XT",600.0,1,0.04335858316440841,0.0,0.0,0.0,0.019204096873999786,0.02415448629040862,18.377571611412833,4.507410728413946,0.07104805105754523,0.08470910913022839,0.6848989925628989,0.11588163932696872,0.043462207922358775
impairments,"ASE+NLI+XT",600.0,2,0.052974559264613856,0.0,0.0,0.0,0.019420408691711803,0.03355415057290206,18.37659607104126,4.52712598214763,0.08161847239296595,0.09920359185418783,0.654123683788551,0.12143887968357475,0.04361537228072051
impairments,"ASE+NLI+XT",600.0,3,0.04495200548508742,0.0,0.0,0.0,0.021961775797051764,0.022990229688035654,18.366134691026186,4.48705919561436,0.0705287017025987,0.08091297243160614,0.685678140319435,0.11744241210268304,0.04543777344367719
impairments,"ASE+NLI+XT",600.0,4,0.06068573609550264,0.0,0.0,0.0,0.035007739445728464,0.025677996649774177,18.438251925321367,4.477931365746918,0.06762021668356727,0.07434487911618723,0.6906655280994823,0.12056359075625767,0.046805785344505524
impairments,"ASE+NLI+XT",800.0,0,0.09967845659163987,0.0,0.0,0.0,0.04742232916675539,0.05225612742488448,18.241771439533967,4.616670393559929,0.0989490161001789,0.10778175313059034,0.6305344364937389,0.11851520572450805,0.0442195885509839
impairments,"ASE+NLI+XT",800.0,1,0.08992652084757348,0.0,0.0,0.0,0.04842361585782638,0.0415029049897471,18.31170857571288,4.558024146865869,0.08914493632504548,0.10347869232041458,0.6387342190859474,0.12089971883786317,0.04774243343072937
impairments,"ASE+NLI+XT",800.0,2,0.09157801609736098,0.0,0.0,0.0,0.052154586453186026,0.03942342964417496,18.30260551325377,4.541282885665435,0.09569246042689317,0.09894655562296618,0.6373062710275219,0.12354530913904363,0.04450940378357509
impairments,"ASE+NLI+XT",800.0,3,0.08971572446146894,0.0,0.0,0.0,0.05197013062471755,0.037745593836751384,18.285455709259818,4.550803610744166,0.09379128137384413,0.10309335094671951,0.638925583443417,0.11977102597974461,0.04441875825627477
impairments,"ASE+NLI+XT",800.0,4,0.09473975283432243,0.0,0.0,0.0,0.05064556612000936,0.04409418671431306,18.268527418228008,4.589217372011759,0.09506905541072716,0.10011647900604581,0.6379166897775805,0.11975151145376893,0.04714626435187753
impairments,"ASE+NLI+XT",1000.0,0,0.1330692645327053,0.0,0.0,0.0,0.07583770474253292,0.05723155979017236,18.20374711380213,4.583194913798041,0.10808179162609542,0.11478320636920786,0.6118334383412567,0.11925081619794949,0.04605074746549058
impairments,"ASE+NLI+XT",1000.0,1,0.14413701676359905,0.0,0.0,0.0,0.07511546356483065,0.06902155319876839,18.26154944342883,4.584723594721851,0.10405161890367959,0.11044585246759286,0.6155903040167413,0.12259489623902807,0.047317328372958205
impairments,"ASE+NLI+XT",1000.0,2,0.1480422302019051,0.0,0.0,0.0,0.08220267916657707,0.06583955103532801,18.255324859224686,4.58855808523059,0.11091652072387624,0.10694687682428489,0.6102743724460011,0.12381786339754816,0.04804436660828955
impairments,"ASE+NLI+XT",1000.0,3,0.14092879522726298,0.0,0.0,0.0,0.08817975020387141,0.05274904502339156,18.231846496066378,4.5586867933191755,0.10893646329564369,0.10371348217872926,0.617689261321242,0.12185042759570683,0.047810365608678185
impairments,"ASE+NLI+XT",1000.0,4,0.13803189785853065,0.0,0.0,0.0,0.08230672331703567,0.05572517454149497,18.24379680579938,4.5759682795081025,0.10596483162854844,0.10297666934835076,0.6187219859786232,0.12481323985748764,0.04752327318699
impairments,"ASE+NLI+XT",1200.0,0,0.19469615632381362,0.0,0.0,0.0,0.10919046596521366,0.08550569035859995,18.187058427850815,4.602884556621647,0.11984354947136833,0.12320479129743934,0.5905396320968037,0.12002688993460857,0.04638513719977999
impairments,"ASE+NLI+XT",1200.0,1,0.20176957107135987,0.0,0.0,0.0,0.11899724305956273,0.08277232801179714,18.242165860764043,4.6452909529404485,0.128130604167955,0.12658462680106364,0.5715169129923938,0.12343083297260528,0.05033702306598231
impairments,"ASE+NLI+XT",1200.0,2,0.19851068422188647,0.0,0.0,0.0,0.11735376645801857,0.08115691776386791,18.29792819035142,4.578564829072991,0.12183554049892208,0.11881736987988913,0.5837388358484755,0.12559285494302433,0.050015398829688945
impairments,"ASE+NLI+XT",1200.0,3,0.18950135758307116,0.0,0.0,0.0,0.11994138688962634,0.06955997069344481,18.251620647411073,4.551992753623189,0.11382850241545894,0.11243961352657005,0.6039855072463768,0.12216183574879227,0.04758454106280193
impairments,"ASE+NLI+XT",1200.0,4,0.19719484295824335,0.0,0.0,0.0,0.12013854739047701,0.07705629556776634,18.23353669078902,4.60682083052199,0.12218610071765933,0.12187940869778568,0.5806293320247807,0.1277065570753849,0.04759860148438937
core,"First-fit core",400.0,0,0.027049673427294602,0.0,0.0,0.0,0.008959264352011,0.018090409075283604,18.50992188130668,4.414710159983379,0.05516309993766881,0.0664865987949304,0.7201849158528985,0.1155724080615001,0.042592977353002284
core,"First-fit core",400.0,1,0.02664298401420959,0.0,0.0,0.0,0.012711592373044577,0.013931391641165015,18.57386807838671,4.3802948021722266,0.0452029997414016,0.06361520558572537,0.7235583139384536,0.12309283682441169,0.04453064391000776
core,"First-fit core",400.0,2,0.030032484994514122,0.0,0.0,0.0,0.00910010111223458,0.020932383882279543,18.560905784716365,4.425582972507694,0.05644530231102301,0.0738692680891022,0.7060879545098857,0.11847253377849654,0.045124941311492514
core,"First-fit core",400.0,3,0.029747395215393577,0.0,0.0,0.0,0.012274305930064499,0.017473089285329077,18.566444500039207,4.396497973604904,0.052790190169385846,0.07237867608853787,0.709550036371194,0.11815442169801517,0.04712667567286709
core,"First-fit core",400.0,4,0.02236490101658641,0.0,0.0,0.0,0.008838951310861423,0.013525949705724986,18.491898628666284,4.4183720810351055,0.051961441311407806,0.06933347079746378,0.7232331563482653,0.11397494716222485,0.041496984380638174
core,"First-fit core",600.0,0,0.0438675599072404,0.0,0.0,0.0,0.02011938503822039,0.023748174869020013,18.358712339397364,4.491352035435562,0.06997468888420165,0.08431765450326935,0.6899915629614005,0.11247627082893905,0.04323982282218941
core,"First-fit core",600.0,1,0.04335858316440841,0.0,0.0,0.0,0.019204096873999786,0.02415448629040862,18.377571611412833,4.507410728413946,0.07104805105754523,0.08470910913022839,0.6848989925628989,0.11588163932696872,0.043462207922358775
core,"First-fit core",600.0,2,0.052974559264613856,0.0,0.0,0.0,0.019420408691711803,0.03355415057290206,18.37659607104126,4.52712598214763,0.08161847239296595,0.09920359185418783,0.654123683788551,0.12143887968357475,0.04361537228072051
core,"First-fit core",600.0,3,0.04495200548508742,0.0,0.0,0.0,0.021961775797051764,0.022990229688035654,18.366134691026186,4.48705919561436,0.0705287017025987,0.08091297243160614,0.685678140319435,0.11744241210268304,0.04543777344367719
core,"First-fit core",600.0,4,0.06068573609550264,0.0,0.0,0.0,0.035007739445728464,0.025677996649774177,18.438251925321367,4.477931365746918,0.06762021668356727,0.07434487911618723,0.6906655280994823,0.12056359075625767,0.046805785344505524
core,"First-fit core",800.0,0,0.09967845659163987,0.0,0.0,0.0,0.04742232916675539,0.05225612742488448,18.241771439533967,4.616670393559929,0.0989490161001789,0.10778175313059034,0.6305344364937389,0.11851520572450805,0.0442195885509839
core,"First-fit core",800.0,1,0.08992652084757348,0.0,0.0,0.0,0.04842361585782638,0.0415029049897471,18.31170857571288,4.558024146865869,0.08914493632504548,0.10347869232041458,0.6387342190859474,0.12089971883786317,0.04774243343072937
core,"First-fit core",800.0,2,0.09157801609736098,0.0,0.0,0.0,0.052154586453186026,0.03942342964417496,18.30260551325377,4.541282885665435,0.09569246042689317,0.09894655562296618,0.6373062710275219,0.12354530913904363,0.04450940378357509
core,"First-fit core",800.0,3,0.08971572446146894,0.0,0.0,0.0,0.05197013062471755,0.037745593836751384,18.285455709259818,4.550803610744166,0.09379128137384413,0.10309335094671951,0.638925583443417,0.11977102597974461,0.04441875825627477
core,"First-fit core",800.0,4,0.09473975283432243,0.0,0.0,0.0,0.05064556612000936,0.04409418671431306,18.268527418228008,4.589217372011759,0.09506905541072716,0.10011647900604581,0.6379166897775805,0.11975151145376893,0.04714626435187753
core,"First-fit core",1000.0,0,0.1330692645327053,0.0,0.0,0.0,0.07583770474253292,0.05723155979017236,18.20374711380213,4.583194913798041,0.10808179162609542,0.11478320636920786,0.6118334383412567,0.11925081619794949,0.04605074746549058
core,"First-fit core",1000.0,1,0.14413701676359905,0.0,0.0,0.0,0.07511546356483065,0.06902155319876839,18.26154944342883,4.584723594721851,0.10405161890367959,0.11044585246759286,0.6155903040167413,0.12259489623902807,0.047317328372958205
core,"First-fit core",1000.0,2,0.1480422302019051,0.0,0.0,0.0,0.08220267916657707,0.06583955103532801,18.255324859224686,4.58855808523059,0.11091652072387624,0.10694687682428489,0.6102743724460011,0.12381786339754816,0.04804436660828955
core,"First-fit core",1000.0,3,0.14092879522726298,0.0,0.0,0.0,0.08817975020387141,0.05274904502339156,18.231846496066378,4.5586867933191755,0.10893646329564369,0.10371348217872926,0.617689261321242,0.12185042759570683,0.047810365608678185
core,"First-fit core",1000.0,4,0.13803189785853065,0.0,0.0,0.0,0.08230672331703567,0.05572517454149497,18.24379680579938,4.5759682795081025,0.10596483162854844,0.10297666934835076,0.6187219859786232,0.12481323985748764,0.04752327318699
core,"First-fit core",1200.0,0,0.19469615632381362,0.0,0.0,0.0,0.10919046596521366,0.08550569035859995,18.187058427850815,4.602884556621647,0.11984354947136833,0.12320479129743934,0.5905396320968037,0.12002688993460857,0.04638513719977999
core,"First-fit core",1200.0,1,0.20176957107135987,0.0,0.0,0.0,0.11899724305956273,0.08277232801179714,18.242165860764043,4.6452909529404485,0.128130604167955,0.12658462680106364,0.5715169129923938,0.12343083297260528,0.05033702306598231
core,"First-fit core",1200.0,2,0.19851068422188647,0.0,0.0,0.0,0.11735376645801857,0.08115691776386791,18.29792819035142,4.578564829072991,0.12183554049892208,0.11881736987988913,0.5837388358484755,0.12559285494302433,0.050015398829688945
core,"First-fit core",1200.0,3,0.18950135758307116,0.0,0.0,0.0,0.11994138688962634,0.06955997069344481,18.251620647411073,4.551992753623189,0.11382850241545894,0.11243961352657005,0.6039855072463768,0.12216183574879227,0.04758454106280193
core,"First-fit core",1200.0,4,0.19719484295824335,0.0,0.0,0.0,0.12013854739047701,0.07705629556776634,18.23353669078902,4.60682083052199,0.12218610071765933,0.12187940869778568,0.5806293320247807,0.1277065570753849,0.04759860148438937
core,"Random-fit core",400.0,0,0.006283125320567618,0.0,0.0,0.0,9.403316806291674E-4,0.005342793639938451,18.740860797581934,4.290560695687345,0.026239951463673594,0.03690783153850043,0.7832549673896557,0.11193690277567117,0.04166034683249911
core,"Random-fit core",400.0,1,0.00577511528681636,0.0,0.0,0.0,7.757617549454812E-4,0.004999353531870879,18.864813974424468,4.2592873388931,0.02633308061662876,0.03538033864038413,0.7727065959059893,0.11897902451352034,0.04660096032347738
core,"Random-fit core",400.0,2,0.005477561406913804,0.0,0.0,0.0,5.391300597356106E-4,0.004938431347178193,18.80150047409577,4.260318262187422,0.027481687294771406,0.03839353372063652,0.7676180853750947,0.12260671886840112,0.043899974741096234
core,"Random-fit core",400.0,3,0.00510847493854868,0.0,0.0,0.0,6.839799080901999E-4,0.00442449503045848,18.824743291200544,4.271603068847164,0.02316777710478498,0.03684635574399354,0.7736220472440944,0.12053301029678982,0.04583080961033717
core,"Random-fit core",400.0,4,0.005567715748985273,0.0,0.0,0.0,9.562870561234248E-4,0.0046114286928618485,18.838468072945478,4.284703980602142,0.025055566781167913,0.036573045059608005,0.7702566174984845,0.12255001010305112,0.04556476055768842
core,"Random-fit core",600.0,0,0.01605249658002736,0.0,0.0,0.0,0.006305574555403557,0.009746922024623803,18.511958235900607,4.38080890613829,0.04172198958226943,0.06735777755081197,0.7349606781738331,0.11541211316515167,0.04054744152793382
core,"Random-fit core",600.0,1,0.015107682417229186,0.0,0.0,0.0,0.004478731383263688,0.010628951033965498,18.581492535113274,4.3835147427053,0.04747304410036282,0.06811794164239358,0.7203229597833308,0.11906586948745465,0.04502018498645818
core,"Random-fit core",600.0,2,0.014417927074853249,0.0,0.0,0.0,0.004670294357084708,0.009747632717768542,18.54518516987598,4.373042191724912,0.04423243712055507,0.06504770164787511,0.7263915106372124,0.11927962859037804,0.045048722003979386
core,"Random-fit core",600.0,3,0.014046808419519925,0.0,0.0,0.0,0.004325389177961928,0.009721419241557996,18.564839589703798,4.378444580526637,0.04470300061236987,0.06644213104715248,0.7248418044498878,0.11961624821392121,0.044396815676668706
core,"Random-fit core",600.0,4,0.017173815285123878,0.0,0.0,0.0,0.006873808861003448,0.01030000642412043,18.59264159957847,4.35858224222586,0.04429214402618658,0.060045008183306055,0.72800736497545,0.12223813420621932,0.04541734860883797
core,"Random-fit core",800.0,0,0.05241255681939435,0.0,0.0,0.0,0.025630081734565397,0.026782475084828956,18.329916145791984,4.504048261628831,0.07085780811769064,0.10075673387310155,0.6641265809387733,0.12054823516960364,0.04371064190083082
core,"Random-fit core",800.0,1,0.052196162046908315,0.0,0.0,0.0,0.021492537313432834,0.03070362473347548,18.367938228074216,4.519197161467987,0.07604723825663295,0.10120213949054706,0.658528835460467,0.11846634539003337,0.04575544140231955
core,"Random-fit core",800.0,2,0.05832315570697007,0.0,0.0,0.0,0.02843307407169334,0.029890081635276726,18.382825499137347,4.486489367371956,0.07440174812130257,0.0921494430528167,0.6647657624047327,0.12183552736769174,0.04684751905345627
core,"Random-fit core",800.0,3,0.053427095169693205,0.0,0.0,0.0,0.024033617048646098,0.029393478121047104,18.39033606444162,4.500106078285775,0.07669460061525406,0.09165163890951522,0.6663837912379336,0.1182772886390156,0.04699268059828153
core,"Random-fit core",800.0,4,0.06034629456309028,0.0,0.0,0.0,0.028524632008848805,0.03182166255424147,18.365566575312027,4.512812299807815,0.07361733931240658,0.09881486226777707,0.660367285927824,0.12118300234892163,0.04601751014307068
core,"Random-fit core",1000.0,0,0.10447793233728318,0.0,0.0,0.0,0.06409926154902972,0.040378670788253475,18.26040955177415,4.530277870032104,0.0919406620170486,0.1101516661131407,0.6325141149119894,0.11911878667109488,0.04627477028672645
core,"Random-fit core",1000.0,1,0.10445622888423213,0.0,0.0,0.0,0.05989394004191079,0.04456228884232134,18.31019834714466,4.5056198438624655,0.0849343890150047,0.10171086872266209,0.6435967000719783,0.12241847073805437,0.047339571452300534
core,"Random-fit core",1000.0,2,0.10227541816459647,0.0,0.0,0.0,0.059027404042795946,0.04324801412180053,18.336577488557296,4.5198489811781695,0.09199933374049192,0.10743434567764144,0.6277274998611959,0.12442396313364056,0.048414857587030145
core,"Random-fit core",1000.0,3,0.10115856821718831,0.0,0.0,0.0,0.055658827598132454,0.04549974061905585,18.304971124112246,4.512409485379471,0.09115029572715715,0.11790393013100436,0.6204742689735228,0.1219943618373777,0.048477143330938034
core,"Random-fit core",1000.0,4,0.10739867038387305,0.0,0.0,0.0,0.061612695689470295,0.045785974694402744,18.301083641048866,4.485140829452207,0.0849412286538035,0.10135284985584386,0.6432690175205146,0.12264360168551786,0.04779330228432025
core,"Random-fit core",1200.0,0,0.16499414083306702,0.0,0.0,0.0,0.11017364440183232,0.05482049643123468,18.291910576337404,4.517624364295318,0.1049278073303326,0.10527854094814988,0.6104518618109546,0.12947916057754136,0.04986262933302157
core,"Random-fit core",1200.0,1,0.16065615898578037,0.0,0.0,0.0,0.10223573753640569,0.058420421449374677,18.263923022291113,4.541399042391685,0.10603760364358286,0.11316127525399977,0.6087235781852155,0.1236132196660049,0.04846432325119701
core,"Random-fit core",1200.0,2,0.14591427160917814,0.0,0.0,0.0,0.09390628689175556,0.052007984717422566,18.312091707885394,4.508707184869104,0.09837388997808788,0.11071387383231461,0.611117518163995,0.13083842694037598,0.048956291085226616
core,"Random-fit core",1200.0,3,0.16259565085815572,0.0,0.0,0.0,0.10328131079503697,0.05931434006311876,18.30168228836017,4.5252359458350435,0.10715751216366727,0.11647810539890967,0.6026144557125271,0.12409871622017703,0.049651210504718914
core,"Random-fit core",1200.0,4,0.16869015047879618,0.0,0.0,0.0,0.10753676470588236,0.061153385772913814,18.293038892562947,4.523455917020273,0.09971711456859972,0.11568835454974069,0.6072017916077322,0.12835926449787835,0.04903347477604903
core,"Min-crosstalk core",400.0,0,1.7115960633290543E-4,0.0,0.0,0.0,8.557980316645271E-5,8.557980316645271E-5,18.68854339216314,4.18529632408102,9.502375593898474E-4,0.0013003250812703175,0.8414603650912729,0.11432858214553639,0.041960490122530635
core,"Min-crosstalk core",400.0,1,6.219438963712791E-4,0.0,0.0,0.0,5.57604872608733E-4,6.433902376254611E-5,18.77574041446751,4.167175228852984,6.002701215546997E-4,9.004051823320494E-4,0.8316742534140363,0.12230503726677004,0.04452003401530689
core,"Min-crosstalk core",400.0,2,3.844510892780863E-4,0.0,0.0,0.0,2.5630072618539084E-4,1.2815036309269542E-4,18.752875211486238,4.176838419209605,0.0010005002501250625,0.0016508254127063531,0.828664332166083,0.12361180590295148,0.04507253626813407
core,"Min-crosstalk core",400.0,3,3.214193880174852E-4,0.0,0.0,0.0,1.7142367360932544E-4,1.4999571440815976E-4,18.774247410118164,4.166308207872756,3.00105036762867E-4,7.502625919071675E-4,0.8299404791677087,0.12389336267693693,0.04511579052668434
core,"Min-crosstalk core",400.0,4,8.719137443378772E-4,0.0,0.0,0.0,6.592518554749804E-4,2.126618888628969E-4,18.741899261734755,4.190130624092888,0.0013012361743656475,0.0020019018067163807,0.830789249787298,0.12286672338721785,0.04304088884440218
core,"Min-crosstalk core",600.0,0,0.027403979441683907,0.0,0.0,0.0,0.026529611226034845,8.743682156490584E-4,18.56766584478884,4.274767880828487,0.023160901948780736,0.025507601265177024,0.7894092439546985,0.11942658912355882,0.04249566370778492
core,"Min-crosstalk core",600.0,1,0.019410187667560322,0.0,0.0,0.0,0.019238605898123325,1.7158176943699732E-4,18.65875052848812,4.216014991896272,0.013219205834683955,0.013523095623987035,0.8090559157212318,0.11968192868719611,0.04451985413290113
core,"Min-crosstalk core",600.0,2,0.023268316810391175,0.0,0.0,0.0,0.022257585858368636,0.0010107309520225372,18.63319853708213,4.252327888871928,0.022693736325242967,0.025543174070116522,0.781814481249682,0.12430672162010889,0.04564188673484964
core,"Min-crosstalk core",600.0,3,0.020143298438304445,0.0,0.0,0.0,0.019671357473828727,4.719409644757165E-4,18.62453983760439,4.26657528683115,0.022184993400345212,0.027617016956036147,0.7835820895522388,0.1233627779469997,0.04325312214438014
core,"Min-crosstalk core",600.0,4,0.020976191490267897,0.0,0.0,0.0,0.02042250521742834,5.536862728395587E-4,18.685578809837875,4.253617669459253,0.018583396801218583,0.022188372683422188,0.7901497842091901,0.12465092663112465,0.04442751967504443
core,"Min-crosstalk core",800.0,0,0.0713141881071848,0.0,0.0,0.0,0.06785523646845308,0.0034589516387317177,18.47012776581685,4.3543928401207435,0.049727267912937564,0.05158078695122597,0.7265794630090557,0.12704549065296827,0.04506699147381242
core,"Min-crosstalk core",800.0,1,0.06504725655390668,0.0,0.0,0.0,0.06198947953641534,0.0030577770174913398,18.46197365499573,4.350984636502825,0.04545694525104271,0.0514228393432237,0.734702497228235,0.12296077292645584,0.04545694525104271
core,"Min-crosstalk core",800.0,2,0.07660944206008584,0.0,0.0,0.0,0.07373390557939914,0.0028755364806866955,18.54836991658051,4.310399660765398,0.04834093077493904,0.047704865896321426,0.7297254319940634,0.12647090003180325,0.047757871302872894
core,"Min-crosstalk core",800.0,3,0.07275488811876953,0.0,0.0,0.0,0.06973858725880289,0.0030163008599666283,18.504834545338007,4.356393129770993,0.050784563189143345,0.05142069550466497,0.7255089058524173,0.12452290076335878,0.04776293469041561
core,"Min-crosstalk core",800.0,4,0.07133240730847312,0.0,0.0,0.0,0.06868255155465328,0.0026498557538198525,18.47865312894346,4.330656240092994,0.0464440452287858,0.04559864736341541,0.7385078727676213,0.12538307090774595,0.04406636373243158
core,"Min-crosstalk core",1000.0,0,0.12202355551762396,0.0,0.0,0.0,0.11715882905180507,0.004864726465818895,18.338448968923597,4.413848631239936,0.07079793436615026,0.07507357432394914,0.6821033927480704,0.1262146704425565,0.045810428119273695
core,"Min-crosstalk core",1000.0,1,0.13132833157770277,0.0,0.0,0.0,0.12421265343852785,0.007115678139174925,18.466315488866325,4.382188095504988,0.07274969173859433,0.06989126779509024,0.6777267122519897,0.1286851249859881,0.05094720322833763
core,"Min-crosstalk core",1000.0,2,0.13357579409486098,0.0,0.0,0.0,0.12675389515365412,0.006821898941206852,18.411469353581,4.366517607602013,0.07115707098937954,0.07015092230296255,0.6803242034656233,0.12990497484628283,0.04846282839575182
core,"Min-crosstalk core",1000.0,3,0.1222710244154502,0.0,0.0,0.0,0.11848167764716014,0.0037893467682900573,18.394333384587476,4.341769354036581,0.06288335083162955,0.068022324142123,0.6961374813505001,0.12858484831740066,0.04437199535834669
core,"Min-crosstalk core",1000.0,4,0.11829972102135997,0.0,0.0,0.0,0.11357199139638392,0.004727729624976042,18.43685988921522,4.426379348548638,0.0714602260137381,0.0731220917349878,0.6773764679813871,0.12945933968535342,0.04858187458453357
core,"Min-crosstalk core",1200.0,0,0.176986254734244,0.0,0.0,0.0,0.16975190433635473,0.0072343503978892715,18.34352993017272,4.433405411723453,0.08363041318450119,0.09087721348839928,0.6474197884401847,0.1297995441528841,0.04827304073403074
core,"Min-crosstalk core",1200.0,1,0.17694232373131455,0.0,0.0,0.0,0.16629242317315712,0.010649900558157439,18.442645414829347,4.4125462990181665,0.08354400611441001,0.08007525427714739,0.6487153859721324,0.13528132165324241,0.052384031983067784
core,"Min-crosstalk core",1200.0,2,0.1858875460701123,0.0,0.0,0.0,0.17534499014313876,0.010542555926973516,18.40006393823997,4.387049344233371,0.08292654237487503,0.08498500264659178,0.6493559960007057,0.1330353467035229,0.04969711227430453
core,"Min-crosstalk core",1200.0,3,0.18409637519326577,0.0,0.0,0.0,0.1732734925270572,0.010822882666208556,18.421541987349197,4.402428243060058,0.08593151411563624,0.08375081039665233,0.6483173218600813,0.13166735427594742,0.05033299935168268
core,"Min-crosstalk core",1200.0,4,0.17598832467699704,0.0,0.0,0.0,0.16733914237884706,0.008649182298149977,18.393970850352236,4.393743068931302,0.08410669468277593,0.08346465884550283,0.6493900659545906,0.13278468452693631,0.050253895990194364
core,"Peripheral-first core",400.0,0,0.0,0.0,0.0,0.0,0.0,0.0,18.67552510389762,4.181100000000001,0.0,0.0,0.84355,0.11465,0.0418
core,"Peripheral-first core",400.0,1,0.0,0.0,0.0,0.0,0.0,0.0,18.787096401934704,4.16665,0.0,5.0E-5,0.83305,0.1223,0.0446
core,"Peripheral-first core",400.0,2,0.0,0.0,0.0,0.0,0.0,0.0,18.74588614224163,4.16935,0.0,0.0,0.82985,0.1249,0.04525
core,"Peripheral-first core",400.0,3,8.586454867446603E-5,0.0,0.0,0.0,8.586454867446603E-5,0.0,18.75677907836029,4.16100805040252,0.0,0.0,0.831841592079604,0.12305615280764039,0.04510225511275564
core,"Peripheral-first core",400.0,4,0.0,0.0,0.0,0.0,0.0,0.0,18.75102197653107,4.187,0.0,0.0,0.83325,0.1234,0.04335
core,"Peripheral-first core",600.0,0,0.017799630695237687,0.0,0.0,0.0,0.01754197620990252,2.5765448533516557E-4,18.505709606941597,4.221266258413888,0.013462219747962953,0.013867098537375373,0.8154258818766131,0.11493496634445063,0.042309833493597855
core,"Peripheral-first core",600.0,1,0.020241873230980357,0.0,0.0,0.0,0.019877347971524146,3.645252594562141E-4,18.569816073878616,4.239630869080216,0.01739174525910151,0.020028394686137308,0.7988033667984992,0.11793935706317818,0.04583713619308387
core,"Peripheral-first core",600.0,2,0.020136540822260032,0.0,0.0,0.0,0.019555057825253592,5.814829970064393E-4,18.591116606953552,4.201368821292775,0.012370088719898606,0.014245880861850444,0.8067934093789607,0.12187579214195184,0.0447148288973384
core,"Peripheral-first core",600.0,3,0.02113535621747789,0.0,0.0,0.0,0.020664254052549305,4.711021649285852E-4,18.57508837129347,4.216619318181818,0.013139204545454546,0.014407467532467532,0.8057021103896104,0.1216010551948052,0.045150162337662336
core,"Peripheral-first core",600.0,4,0.021967465095427182,0.0,0.0,0.0,0.02151914948123479,4.4831561419239146E-4,18.5463764943123,4.25455838285337,0.019909594189649042,0.02062065112499365,0.7916095281629336,0.12209863375488851,0.04576159276753517
core,"Peripheral-first core",800.0,0,0.06500902604659159,0.0,0.0,0.0,0.06352617553511562,0.0014828505114759735,18.361479937846326,4.308662079109103,0.045122655880653464,0.04002731522823974,0.7494353101854284,0.12165782423701213,0.043756894468666284
core,"Peripheral-first core",800.0,1,0.0604659129838986,0.0,0.0,0.0,0.05997344981157931,4.924631723192875E-4,18.42931660097303,4.295515202260715,0.04008582343398399,0.03736459260034539,0.7497514260296195,0.1255429378826731,0.04725522005337799
core,"Peripheral-first core",800.0,2,0.06910297571591717,0.0,0.0,0.0,0.06837035919756944,7.326165183477343E-4,18.393105565353743,4.28510571158094,0.04386241716629852,0.040023140843588934,0.7449773850846745,0.12411907015883034,0.04701798674660776
core,"Peripheral-first core",800.0,3,0.06642478370080938,0.0,0.0,0.0,0.06520105626999291,0.0012237274308164623,18.40446965476241,4.316069266803516,0.04594978683088584,0.04637086162429602,0.7347228801515869,0.1271645876098742,0.04579188378335702
core,"Peripheral-first core",800.0,4,0.06270852938660279,0.0,0.0,0.0,0.06131833347591753,0.0013901959106852597,18.416725758452532,4.300903551166211,0.039136373187644465,0.038611052742172726,0.7497898718218113,0.12476360579953771,0.047699096448833786
core,"Peripheral-first core",1000.0,0,0.11480758086325685,0.0,0.0,0.0,0.11339099826146681,0.0014165826017900453,18.23665569355573,4.357823800131492,0.06640368178829717,0.06158229235152312,0.7026627218934911,0.1254657023887793,0.04388560157790927
core,"Peripheral-first core",1000.0,1,0.11560915327907274,0.0,0.0,0.0,0.11433076234712575,0.0012783909319469893,18.326236852524467,4.335032056551044,0.06137322593018796,0.04876979560523864,0.7129157762069155,0.12811660912926737,0.048824593128390596
core,"Peripheral-first core",1000.0,2,0.11960619573881384,0.0,0.0,0.0,0.11811973545315496,0.0014864602856588898,18.339703527410265,4.314959331721258,0.06446471752033414,0.058804132776434384,0.6960320949659266,0.13250164871400308,0.048197406023301824
core,"Peripheral-first core",1000.0,3,0.11106353827710225,0.0,0.0,0.0,0.11010018838842267,9.633498886795685E-4,18.28075212403156,4.344334733511538,0.06273525721455459,0.06060771370901751,0.7051988434891714,0.12421580928481807,0.047242376302438494
core,"Peripheral-first core",1000.0,4,0.11537395826672635,0.0,0.0,0.0,0.11396721870537332,0.0014067395613530276,18.277522113024155,4.387976942080702,0.07005215481745813,0.06549547076585233,0.6871259950590173,0.12994784518254185,0.04737853417513039
core,"Peripheral-first core",1200.0,0,0.15682660780489896,0.0,0.0,0.0,0.15504789662044874,0.0017787111844502067,18.2193418272077,4.404240726981769,0.08892953077670458,0.08052809052980511,0.6550265759844545,0.1277361833457164,0.047779619363319425
core,"Peripheral-first core",1200.0,1,0.16175808146892898,0.0,0.0,0.0,0.16012784487011733,0.0016302365988116433,18.25663191475768,4.3451675404604515,0.07921130613175291,0.07208798723501254,0.666400729427855,0.13277866423524048,0.04952131297013905
core,"Peripheral-first core",1200.0,2,0.16705222122263633,0.0,0.0,0.0,0.1657670393694041,0.0012851818532322323,18.282485819166766,4.334708849151765,0.07525217790004585,0.06825997248968363,0.6751490142136635,0.13147638697845027,0.04986244841815681
core,"Peripheral-first core",1200.0,3,0.16362853760895296,0.0,0.0,0.0,0.16162703109867643,0.002001506510276552,18.2471893205638,4.359647617413192,0.08506378353641096,0.07282192094273783,0.6606601453006121,0.1323722899147646,0.04908186030547451
core,"Peripheral-first core",1200.0,4,0.1566066066066066,0.0,0.0,0.0,0.1545045045045045,0.002102102102102102,18.26153637579107,4.376584808680754,0.0797829811536265,0.07966876070816677,0.6587664191890349,0.1300399771559109,0.05174186179326099
core,"XT-aware core",400.0,0,0.0,0.0,0.0,0.0,0.0,0.0,18.67552510389762,4.181100000000001,0.0,0.0,0.84355,0.11465,0.0418
core,"XT-aware core",400.0,1,0.0,0.0,0.0,0.0,0.0,0.0,18.78632940386613,4.16665,0.0,5.0E-5,0.83305,0.1223,0.0446
core,"XT-aware core",400.0,2,0.0,0.0,0.0,0.0,0.0,0.0,18.74588614224163,4.16935,0.0,0.0,0.82985,0.1249,0.04525
core,"XT-aware core",400.0,3,8.586454867446603E-5,0.0,0.0,0.0,8.586454867446603E-5,0.0,18.75677907836029,4.16100805040252,0.0,0.0,0.831841592079604,0.12305615280764039,0.04510225511275564
core,"XT-aware core",400.0,4,0.0,0.0,0.0,0.0,0.0,0.0,18.75102197653107,4.187,0.0,0.0,0.83325,0.1234,0.04335
core,"XT-aware core",600.0,0,0.017743598556452998,0.0,0.0,0.0,0.017421378243684484,3.2222031276851694E-4,18.573707623676462,4.291727950499569,0.025713850991530153,0.036567429122077395,0.7791246132778821,0.11791854744636608,0.04067555916214434
core,"XT-aware core",600.0,1,0.017761989342806393,0.0,0.0,0.0,0.017269789638126216,4.921997046801772E-4,18.66902447964795,4.2420204681325355,0.017681629344411795,0.0209241057857939,0.7921775255851656,0.12382206910527915,0.04539467017934948
core,"XT-aware core",600.0,2,0.018893387314439947,0.0,0.0,0.0,0.01861491335175546,2.78473962684489E-4,18.697821468091437,4.2411085216333975,0.016719019150876483,0.024774546559935152,0.7916202249468032,0.12351808693889958,0.043368122403485664
core,"XT-aware core",600.0,3,0.017294281729428172,0.0,0.0,0.0,0.016993884776311554,3.003969531166184E-4,18.669822804582623,4.247657634844265,0.017827298050139277,0.026740947075208913,0.7898708533806027,0.12099265636870093,0.04456824512534819
core,"XT-aware core",600.0,4,0.017704595933709207,0.0,0.0,0.0,0.01719203827097215,5.125576627370579E-4,18.66455451359854,4.259184190524449,0.018647073726881177,0.02533569799847986,0.7894603496326323,0.12090195084874589,0.045654927793260705
core,"XT-aware core",800.0,0,0.05710913188110312,0.0,0.0,0.0,0.056422362914475804,6.867689666273205E-4,18.477778974029594,4.341239159962386,0.04821857695120677,0.05307700344791558,0.7344060181799185,0.11978894577369135,0.04450945564726779
core,"XT-aware core",800.0,1,0.05586088449978532,0.0,0.0,0.0,0.05502361528553027,8.372692142550451E-4,18.555766933947893,4.34480058467321,0.047556901231989974,0.05716224681561913,0.7261432449363124,0.12178951764460222,0.0473480893714763
core,"XT-aware core",800.0,2,0.057162579002998336,0.0,0.0,0.0,0.05645074311352704,7.118358894713001E-4,18.520262257525033,4.308029654380286,0.041505690717343634,0.05299154223660854,0.7327973269291009,0.12660540879189724,0.0461000313250496
core,"XT-aware core",800.0,3,0.06037946668385655,0.0,0.0,0.0,0.05947699778680247,9.024688970540837E-4,18.531576741035007,4.330264190426367,0.04708344232278316,0.05550614700496992,0.7307350248495945,0.12220769029557939,0.04446769552707298
core,"XT-aware core",800.0,4,0.055179915961009324,0.0,0.0,0.0,0.05428406885224921,8.958471087601049E-4,18.4636189338509,4.3816346807509285,0.050201328243476444,0.06160121319876588,0.7198138367410971,0.12445745960361868,0.04392616221304189
core,"XT-aware core",1000.0,0,0.10491348002563555,0.0,0.0,0.0,0.10386669515060884,0.0010467848750267037,18.35658898826713,4.38858075040783,0.06650353452963567,0.07079934747145188,0.6984230560087004,0.1210984230560087,0.04317563893420337
core,"XT-aware core",1000.0,1,0.10859361665813279,0.0,0.0,0.0,0.10697217955282472,0.0016214371053080731,18.336654380766724,4.442136336303504,0.07500136664297818,0.09085442518996338,0.6636418302082764,0.12234187940742361,0.04816049855135844
core,"XT-aware core",1000.0,2,0.10389973944314046,0.0,0.0,0.0,0.10250005383406188,0.001399685609078576,18.388769500023948,4.388305112429902,0.06865574127511298,0.08237600043556378,0.6781728099308543,0.12201230467686612,0.04878314368160287
core,"XT-aware core",1000.0,3,0.11012441012441013,0.0,0.0,0.0,0.10918060918060918,9.438009438009438E-4,18.39762309347891,4.354782514018183,0.062496597528444664,0.06821274974141216,0.6962817790843269,0.12482987642223312,0.04817899722358321
core,"XT-aware core",1000.0,4,0.10351445875629105,0.0,0.0,0.0,0.10257613238932015,9.383263669709118E-4,18.384539601303864,4.399642063018602,0.06789956071370465,0.07229242366722707,0.687347470036336,0.12413905309398557,0.048321492488746676
core,"XT-aware core",1200.0,0,0.15838463013056722,0.0,0.0,0.0,0.15700014909795737,0.0013844810326098533,18.324650756907065,4.4325977589755325,0.08380974159615824,0.09078435856391494,0.6533844042991082,0.12571461239423737,0.046306883146581296
core,"XT-aware core",1200.0,1,0.1640369093750669,0.0,0.0,0.0,0.1621100858506926,0.0019268235243743177,18.42048777131424,4.341701932974951,0.0726867208052156,0.07405924739791833,0.6732242937206908,0.1303328376987304,0.049696900377444814
core,"XT-aware core",1200.0,2,0.16222150468195026,0.0,0.0,0.0,0.1606716176945431,0.0015498869874071683,18.332379423560102,4.358232839915414,0.07784191575698692,0.08990112590729839,0.654855118020232,0.12750757272675317,0.049894267588729495
core,"XT-aware core",1200.0,3,0.1573774010086919,0.0,0.0,0.0,0.15619701684730122,0.0011803841613907073,18.373739390806428,4.382223993622958,0.07885896486932756,0.08369868473495416,0.6595684108637476,0.1302169333257416,0.047657006206229
core,"XT-aware core",1200.0,4,0.16220577477516243,0.0,0.0,0.0,0.16100090365334135,0.0012048711218210766,18.331487188382486,4.373056698673983,0.0812185642432556,0.08944901691815273,0.6530064014631916,0.12797210791037952,0.04835390946502058
core,"Peripheral-first core + staggered FF",400.0,0,0.0,0.0,0.0,0.0,0.0,0.0,18.67552510389762,4.181100000000001,0.0,0.0,0.84355,0.11465,0.0418
core,"Peripheral-first core + staggered FF",400.0,1,0.0,0.0,0.0,0.0,0.0,0.0,18.786988876709287,4.1668,5.0E-5,0.0,0.83305,0.1223,0.0446
core,"Peripheral-first core + staggered FF",400.0,2,0.0,0.0,0.0,0.0,0.0,0.0,18.74588614224163,4.16935,0.0,0.0,0.82985,0.1249,0.04525
core,"Peripheral-first core + staggered FF",400.0,3,0.0,0.0,0.0,0.0,0.0,0.0,18.760288479248086,4.1611,5.0E-5,0.0,0.8314,0.1235,0.04505
core,"Peripheral-first core + staggered FF",400.0,4,0.0,0.0,0.0,0.0,0.0,0.0,18.75102197653107,4.187,0.0,0.0,0.83325,0.1234,0.04335
core,"Peripheral-first core + staggered FF",600.0,0,0.011497698319237769,0.0,0.0,0.0,0.011283588480890698,2.1410983834707205E-4,18.503020304998444,4.214055415617129,0.009168765743073048,0.006347607052896725,0.8249874055415617,0.11727959697732998,0.04221662468513854
core,"Peripheral-first core + staggered FF",600.0,1,0.014107562084042301,0.0,0.0,0.0,0.013655258566843999,4.523035171983028E-4,18.60261609015717,4.190591560670301,0.008833030486573794,0.007066424389259035,0.8172824550777307,0.12260246315364426,0.044215626892792244
core,"Peripheral-first core + staggered FF",600.0,2,0.014494314266023432,0.0,0.0,0.0,0.01421433494141971,2.799793246037216E-4,18.563922403531578,4.190858180717421,0.009838050552444378,0.007214570405125876,0.8125220725493164,0.125321628575753,0.04510367791736038
core,"Peripheral-first core + staggered FF",600.0,3,0.011068603851444292,0.0,0.0,0.0,0.010875171939477304,1.9343191196698762E-4,18.533668777185884,4.2052870090634435,0.009768378650553878,0.009164149043303121,0.813595166163142,0.1243202416918429,0.04315206445115811
core,"Peripheral-first core + staggered FF",600.0,4,0.010208856182738526,0.0,0.0,0.0,0.009847292526266536,3.615636564719895E-4,18.576836506158852,4.217227144583166,0.0073499798630688685,0.00599073701167942,0.8190696737817157,0.12308699154248892,0.04450261780104712
core,"Peripheral-first core + staggered FF",800.0,0,0.05614042626332073,0.0,0.0,0.0,0.053046579580611895,0.0030938466827088347,18.350180805859186,4.2610167725804775,0.03114907802896135,0.022241900197937287,0.7777893530576102,0.12751328263360767,0.04130638608188353
core,"Peripheral-first core + staggered FF",800.0,1,0.05080489375402447,0.0,0.0,0.0,0.04874436574372183,0.00206052801030264,18.45337886335275,4.255361027659794,0.028074173831969335,0.019734797472288408,0.7821402672744224,0.1228633585413861,0.0471874028799337
core,"Peripheral-first core + staggered FF",800.0,2,0.06254587849216288,0.0,0.0,0.0,0.05980396390172287,0.002741914590440002,18.372761532527758,4.2493859419911155,0.032087797230206425,0.026809511366605695,0.7682257643062451,0.12694016200679384,0.04593676509014894
core,"Peripheral-first core + staggered FF",800.0,3,0.06079579451235148,0.0,0.0,0.0,0.05840242755791093,0.0023933669544405505,18.407237292787034,4.252125384655505,0.028425389871173004,0.023209722004902726,0.7757262817503782,0.12674072915036771,0.04589787722317843
core,"Peripheral-first core + staggered FF",800.0,4,0.05964702618493779,0.0,0.0,0.0,0.05574169316460018,0.0039053330203376087,18.374438308254394,4.281940166031431,0.03247533023547225,0.026940949198558974,0.7726204772098366,0.12285281679110323,0.04511042656502898
core,"Peripheral-first core + staggered FF",1000.0,0,0.10634703391642787,0.0,0.0,0.0,0.10050896026688337,0.0058380736495445016,18.30667793742135,4.299924152129158,0.05190161447610792,0.03624444685231336,0.7349116914075198,0.13219200346733123,0.04475024379672771
core,"Peripheral-first core + staggered FF",1000.0,1,0.11466217512739058,0.0,0.0,0.0,0.10737053066967998,0.007291644457710594,18.34953892206507,4.281963096407905,0.04383666339119991,0.04099792553772246,0.7382902063544055,0.1282345234195873,0.048640681297084834
core,"Peripheral-first core + staggered FF",1000.0,2,0.10926747700816773,0.0,0.0,0.0,0.10322207215898128,0.006045404849186443,18.326384658336693,4.283005541671194,0.05036401173530371,0.04053026187112898,0.7257959361077909,0.13620558513528197,0.047104205150494405
core,"Peripheral-first core + staggered FF",1000.0,3,0.10783196024866097,0.0,0.0,0.0,0.10258340682742154,0.005248553421239433,18.346805919905027,4.262161722436141,0.04593524594609252,0.03676988990726178,0.7368620857964098,0.13531102554368457,0.045121752806551334
core,"Peripheral-first core + staggered FF",1000.0,4,0.09856451165667726,0.0,0.0,0.0,0.09242156005375082,0.006142951602926434,18.298395619391687,4.320453318942256,0.051753912574203996,0.04128440366972477,0.7294117647058823,0.12935779816513762,0.048192120885051266
core,"Peripheral-first core + staggered FF",1200.0,0,0.1532042937322606,0.0,0.0,0.0,0.14511619966281825,0.008088094069442369,18.248817357962807,4.286285328228804,0.05742596554442067,0.045828172503096495,0.7191757684945389,0.13072852156288706,0.04684157189505686
core,"Peripheral-first core + staggered FF",1200.0,1,0.16047474942587941,0.0,0.0,0.0,0.15113858304895586,0.009336166376923572,18.3185642190969,4.248113046932637,0.05584246070030078,0.04471936893479371,0.7112536178423472,0.13727938255490607,0.050905169967652236
core,"Peripheral-first core + staggered FF",1200.0,2,0.15892668406634888,0.0,0.0,0.0,0.15021246306162508,0.008714221004723797,18.299130216107784,4.251856891761638,0.05891024550660543,0.04399841242841753,0.7095310993933208,0.13942280433180246,0.04813743833985372
core,"Peripheral-first core + staggered FF",1200.0,3,0.14867107844193916,0.0,0.0,0.0,0.14132051475501714,0.007350563686922032,18.30224946100483,4.257449076931709,0.059199820436563605,0.04562033555917176,0.7105100723865103,0.13231580719376018,0.05235396442399416
core,"Peripheral-first core + staggered FF",1200.0,4,0.15936851562667123,0.0,0.0,0.0,0.1512396517423578,0.008128863884313432,18.30842406984781,4.266621361422584,0.06127534262090837,0.04570166496772001,0.7067618076792389,0.1341035224827274,0.05215766224940537
core,"XT-aware core + staggered FF",400.0,0,0.0,0.0,0.0,0.0,0.0,0.0,18.67552510389762,4.181100000000001,0.0,0.0,0.84355,0.11465,0.0418
core,"XT-aware core + staggered FF",400.0,1,0.0,0.0,0.0,0.0,0.0,0.0,18.786988876709287,4.1668,5.0E-5,0.0,0.83305,0.1223,0.0446
core,"XT-aware core + staggered FF",400.0,2,0.0,0.0,0.0,0.0,0.0,0.0,18.74588614224163,4.16935,0.0,0.0,0.82985,0.1249,0.04525
core,"XT-aware core + staggered FF",400.0,3,0.0,0.0,0.0,0.0,0.0,0.0,18.759609417506486,4.1611,5.0E-5,0.0,0.8314,0.1235,0.04505
core,"XT-aware core + staggered FF",400.0,4,0.0,0.0,0.0,0.0,0.0,0.0,18.75102197653107,4.187,0.0,0.0,0.83325,0.1234,0.04335
core,"XT-aware core + staggered FF",600.0,0,0.011962440509368434,0.0,0.0,0.0,0.011748059855078678,2.1438065428975689E-4,18.535280399821897,4.20761751221724,0.007657816514685879,0.007103632424807295,0.8277495087913749,0.11708398407980251,0.040405058189329435
core,"XT-aware core + staggered FF",600.0,1,0.011509903623172989,0.0,0.0,0.0,0.011254600770163607,2.5530285300938237E-4,18.63196681677965,4.216210770238275,0.008311923832552517,0.006296911994357967,0.8191023122260843,0.12150521384313133,0.04478363810387386
core,"XT-aware core + staggered FF",600.0,2,0.010306838232129793,0.0,0.0,0.0,0.010134698971467918,1.7213926066187547E-4,18.623033953569873,4.1803220936084555,0.0067941620533467535,0.006492199295420231,0.8151484650226473,0.12526421741318572,0.0463009562154001
core,"XT-aware core + staggered FF",600.0,3,0.010065956804759236,0.0,0.0,0.0,0.009871966202526188,1.9399060223304737E-4,18.60955533378813,4.185235507246377,0.007648953301127214,0.00729669887278583,0.8162238325281803,0.1234903381642512,0.045340177133655395
core,"XT-aware core + staggered FF",600.0,4,0.011653919083026184,0.0,0.0,0.0,0.011185205701259134,4.6871338176704945E-4,18.614292386437754,4.215286174929464,0.008061265618702136,0.008010882708585248,0.8147924224103185,0.12404272470777912,0.04509270455461507
core,"XT-aware core + staggered FF",800.0,0,0.04990686620849123,0.0,0.0,0.0,0.04680240649153232,0.003104459716958914,18.483780905868787,4.274940433026003,0.029628094892779448,0.027400808038951622,0.7734901067025796,0.1255050243447633,0.043975966020926134
core,"XT-aware core + staggered FF",800.0,1,0.05583031336602004,0.0,0.0,0.0,0.05301641441057344,0.0028138989554466,18.504425280279648,4.277725759467333,0.02980649188514357,0.025593008739076155,0.7740844777361632,0.12338743237619643,0.04712858926342072
core,"XT-aware core + staggered FF",800.0,2,0.053014755125407764,0.0,0.0,0.0,0.050919224869839484,0.0020955302555682774,18.500547228924123,4.229101846090023,0.026291225886745487,0.027017216345156605,0.7732316946691558,0.1281891723708774,0.045270690728064715
core,"XT-aware core + staggered FF",800.0,3,0.048928877463581835,0.0,0.0,0.0,0.04601542416452442,0.002913453299057412,18.513480190690277,4.273724516195799,0.029545689744385803,0.029338714684880474,0.7726896408982717,0.12320190417054745,0.04522405050191452
core,"XT-aware core + staggered FF",800.0,4,0.052235937299790716,0.0,0.0,0.0,0.04918207833255029,0.003053858967240422,18.52138210198356,4.279404131630852,0.030935326481885187,0.03000103809820409,0.7641959929409322,0.1279975085643102,0.04687013391466833
core,"XT-aware core + staggered FF",1000.0,0,0.10055770422444923,0.0,0.0,0.0,0.09564306929635248,0.004914634928096754,18.41195010369329,4.289503416366277,0.04761392371011998,0.03965136923656319,0.7400871576908592,0.12847689245171356,0.044170656910744066
core,"XT-aware core + staggered FF",1000.0,1,0.09825224374114312,0.0,0.0,0.0,0.09402241594022416,0.004229827800918968,18.482759655323605,4.277318591670245,0.046157148990983256,0.04025332760841563,0.7349184199227136,0.12977672820953198,0.048894375268355515
core,"XT-aware core + staggered FF",1000.0,2,0.10252314864777363,0.0,0.0,0.0,0.09878914765491788,0.0037340009928557554,18.451484424321986,4.257310255858955,0.04907546764136745,0.04192646742635992,0.7297892926252418,0.13196086863040207,0.047247903676628684
core,"XT-aware core + staggered FF",1000.0,3,0.09711280455082108,0.0,0.0,0.0,0.09161747343565525,0.005495331115165826,18.527828094441812,4.277724100912507,0.04782608695652174,0.0426731078904992,0.7264626945786367,0.1327428878153516,0.05029522275899088
core,"XT-aware core + staggered FF",1000.0,4,0.10219055947784911,0.0,0.0,0.0,0.09779664270631146,0.004393916771537658,18.42856820731727,4.279342849447886,0.0425531914893617,0.042660921088068945,0.7385941287368705,0.12798276326420685,0.048208995421492054
core,"XT-aware core + staggered FF",1200.0,0,0.14247363786697592,0.0,0.0,0.0,0.13695423404849344,0.005519403818482486,18.407805170944904,4.264647026125625,0.058365758754863814,0.04724847137298499,0.7125625347415231,0.13457476375764313,0.04724847137298499
core,"XT-aware core + staggered FF",1200.0,1,0.15664224821145525,0.0,0.0,0.0,0.15002356166730926,0.006618686544145997,18.435237291513072,4.267600089968512,0.0612910481331534,0.04965137201979307,0.7028789923526766,0.13753936122357174,0.04863922627080522
core,"XT-aware core + staggered FF",1200.0,2,0.15141073982577039,0.0,0.0,0.0,0.14451956832661553,0.006891171499154856,18.471161821852284,4.233542319749216,0.05827362292879534,0.05066054635020152,0.7046014330497089,0.1374832064487237,0.04898119122257053
core,"XT-aware core + staggered FF",1200.0,3,0.15719856093410026,0.0,0.0,0.0,0.15011094594885716,0.007087614985243112,18.429517943059317,4.249015415775853,0.05997524473950715,0.05131090356700799,0.7036682795093957,0.13564757510971082,0.04939799707437831
core,"XT-aware core + staggered FF",1200.0,4,0.14541656797088653,0.0,0.0,0.0,0.1381166691789229,0.007299898791963651,18.406513047017086,4.279176201372998,0.060501199977674835,0.05045487525813473,0.7090472735390969,0.13076966009934698,0.049226991125746494
modulation,"distance-adaptive",400.0,0,0.027049673427294602,0.0,0.0,0.0,0.008959264352011,0.018090409075283604,18.50992188130668,4.414710159983379,0.05516309993766881,0.0664865987949304,0.7201849158528985,0.1155724080615001,0.042592977353002284
modulation,"distance-adaptive",400.0,1,0.02664298401420959,0.0,0.0,0.0,0.012711592373044577,0.013931391641165015,18.57386807838671,4.3802948021722266,0.0452029997414016,0.06361520558572537,0.7235583139384536,0.12309283682441169,0.04453064391000776
modulation,"distance-adaptive",400.0,2,0.030032484994514122,0.0,0.0,0.0,0.00910010111223458,0.020932383882279543,18.560905784716365,4.425582972507694,0.05644530231102301,0.0738692680891022,0.7060879545098857,0.11847253377849654,0.045124941311492514
modulation,"distance-adaptive",400.0,3,0.029747395215393577,0.0,0.0,0.0,0.012274305930064499,0.017473089285329077,18.566444500039207,4.396497973604904,0.052790190169385846,0.07237867608853787,0.709550036371194,0.11815442169801517,0.04712667567286709
modulation,"distance-adaptive",400.0,4,0.02236490101658641,0.0,0.0,0.0,0.008838951310861423,0.013525949705724986,18.491898628666284,4.4183720810351055,0.051961441311407806,0.06933347079746378,0.7232331563482653,0.11397494716222485,0.041496984380638174
modulation,"distance-adaptive",600.0,0,0.0438675599072404,0.0,0.0,0.0,0.02011938503822039,0.023748174869020013,18.358712339397364,4.491352035435562,0.06997468888420165,0.08431765450326935,0.6899915629614005,0.11247627082893905,0.04323982282218941
modulation,"distance-adaptive",600.0,1,0.04335858316440841,0.0,0.0,0.0,0.019204096873999786,0.02415448629040862,18.377571611412833,4.507410728413946,0.07104805105754523,0.08470910913022839,0.6848989925628989,0.11588163932696872,0.043462207922358775
modulation,"distance-adaptive",600.0,2,0.052974559264613856,0.0,0.0,0.0,0.019420408691711803,0.03355415057290206,18.37659607104126,4.52712598214763,0.08161847239296595,0.09920359185418783,0.654123683788551,0.12143887968357475,0.04361537228072051
modulation,"distance-adaptive",600.0,3,0.04495200548508742,0.0,0.0,0.0,0.021961775797051764,0.022990229688035654,18.366134691026186,4.48705919561436,0.0705287017025987,0.08091297243160614,0.685678140319435,0.11744241210268304,0.04543777344367719
modulation,"distance-adaptive",600.0,4,0.06068573609550264,0.0,0.0,0.0,0.035007739445728464,0.025677996649774177,18.438251925321367,4.477931365746918,0.06762021668356727,0.07434487911618723,0.6906655280994823,0.12056359075625767,0.046805785344505524
modulation,"distance-adaptive",800.0,0,0.09967845659163987,0.0,0.0,0.0,0.04742232916675539,0.05225612742488448,18.241771439533967,4.616670393559929,0.0989490161001789,0.10778175313059034,0.6305344364937389,0.11851520572450805,0.0442195885509839
modulation,"distance-adaptive",800.0,1,0.08992652084757348,0.0,0.0,0.0,0.04842361585782638,0.0415029049897471,18.31170857571288,4.558024146865869,0.08914493632504548,0.10347869232041458,0.6387342190859474,0.12089971883786317,0.04774243343072937
modulation,"distance-adaptive",800.0,2,0.09157801609736098,0.0,0.0,0.0,0.052154586453186026,0.03942342964417496,18.30260551325377,4.541282885665435,0.09569246042689317,0.09894655562296618,0.6373062710275219,0.12354530913904363,0.04450940378357509
modulation,"distance-adaptive",800.0,3,0.08971572446146894,0.0,0.0,0.0,0.05197013062471755,0.037745593836751384,18.285455709259818,4.550803610744166,0.09379128137384413,0.10309335094671951,0.638925583443417,0.11977102597974461,0.04441875825627477
modulation,"distance-adaptive",800.0,4,0.09473975283432243,0.0,0.0,0.0,0.05064556612000936,0.04409418671431306,18.268527418228008,4.589217372011759,0.09506905541072716,0.10011647900604581,0.6379166897775805,0.11975151145376893,0.04714626435187753
modulation,"distance-adaptive",1000.0,0,0.1330692645327053,0.0,0.0,0.0,0.07583770474253292,0.05723155979017236,18.20374711380213,4.583194913798041,0.10808179162609542,0.11478320636920786,0.6118334383412567,0.11925081619794949,0.04605074746549058
modulation,"distance-adaptive",1000.0,1,0.14413701676359905,0.0,0.0,0.0,0.07511546356483065,0.06902155319876839,18.26154944342883,4.584723594721851,0.10405161890367959,0.11044585246759286,0.6155903040167413,0.12259489623902807,0.047317328372958205
modulation,"distance-adaptive",1000.0,2,0.1480422302019051,0.0,0.0,0.0,0.08220267916657707,0.06583955103532801,18.255324859224686,4.58855808523059,0.11091652072387624,0.10694687682428489,0.6102743724460011,0.12381786339754816,0.04804436660828955
modulation,"distance-adaptive",1000.0,3,0.14092879522726298,0.0,0.0,0.0,0.08817975020387141,0.05274904502339156,18.231846496066378,4.5586867933191755,0.10893646329564369,0.10371348217872926,0.617689261321242,0.12185042759570683,0.047810365608678185
modulation,"distance-adaptive",1000.0,4,0.13803189785853065,0.0,0.0,0.0,0.08230672331703567,0.05572517454149497,18.24379680579938,4.5759682795081025,0.10596483162854844,0.10297666934835076,0.6187219859786232,0.12481323985748764,0.04752327318699
modulation,"distance-adaptive",1200.0,0,0.19469615632381362,0.0,0.0,0.0,0.10919046596521366,0.08550569035859995,18.187058427850815,4.602884556621647,0.11984354947136833,0.12320479129743934,0.5905396320968037,0.12002688993460857,0.04638513719977999
modulation,"distance-adaptive",1200.0,1,0.20176957107135987,0.0,0.0,0.0,0.11899724305956273,0.08277232801179714,18.242165860764043,4.6452909529404485,0.128130604167955,0.12658462680106364,0.5715169129923938,0.12343083297260528,0.05033702306598231
modulation,"distance-adaptive",1200.0,2,0.19851068422188647,0.0,0.0,0.0,0.11735376645801857,0.08115691776386791,18.29792819035142,4.578564829072991,0.12183554049892208,0.11881736987988913,0.5837388358484755,0.12559285494302433,0.050015398829688945
modulation,"distance-adaptive",1200.0,3,0.18950135758307116,0.0,0.0,0.0,0.11994138688962634,0.06955997069344481,18.251620647411073,4.551992753623189,0.11382850241545894,0.11243961352657005,0.6039855072463768,0.12216183574879227,0.04758454106280193
modulation,"distance-adaptive",1200.0,4,0.19719484295824335,0.0,0.0,0.0,0.12013854739047701,0.07705629556776634,18.23353669078902,4.60682083052199,0.12218610071765933,0.12187940869778568,0.5806293320247807,0.1277065570753849,0.04759860148438937
modulation,"qot-adaptive",400.0,0,0.03229827011926507,0.0,0.0,7.951004620178361E-4,0.006102933276028796,0.02540023638121844,18.88504509579371,3.885499417434594,0.06720686367969494,0.05497299014934859,0.1790594216714331,0.25007944073721006,0.4486812837623133
modulation,"qot-adaptive",400.0,1,0.02631069423229998,0.0,0.0,7.529634490028613E-4,0.00785233311102984,0.01770539767226728,18.931835776445578,3.8334988241442383,0.061719362424875884,0.054507447086490725,0.16979357198850276,0.24985628429579304,0.4641233342043376
modulation,"qot-adaptive",400.0,2,0.03261549074133954,0.0,0.0,9.053870529651426E-4,0.0063592662053504065,0.025350837483023993,18.93426139518422,3.8377807133421404,0.060396301188903566,0.051360634081902244,0.1716776750330251,0.2515719947159841,0.46499339498018494
modulation,"qot-adaptive",400.0,3,0.032286418694393824,0.0,0.0,9.647336263265087E-4,0.007246221459963555,0.024075463608103764,18.951045008761316,3.86697320437609,0.06294593309021722,0.05565244965910893,0.17314095449500555,0.24676285608583057,0.46149780666983775
modulation,"qot-adaptive",400.0,4,0.026923896823704968,0.0,0.0,0.0010445534001279045,0.006693668727350245,0.01918567469622682,18.907373350690893,3.84608125819135,0.06039318479685452,0.04817824377457405,0.17053735255570118,0.26117955439056356,0.45971166448230666
modulation,"qot-adaptive",600.0,0,0.05200778726226387,0.0,0.0,0.0016473054788952357,0.016280512590120446,0.03407996919324819,18.660354735648266,3.987048729156548,0.08018995197237062,0.06810209918514921,0.18827909988667638,0.248232691166154,0.4151961577896498
modulation,"qot-adaptive",600.0,1,0.04754439839371229,0.0,0.0,9.234006914767968E-4,0.016664161315953357,0.029956836386282132,18.705911314696674,3.980802415875755,0.08034943917169975,0.0670297670405522,0.18906384814495256,0.2481125970664366,0.4154443485763589
modulation,"qot-adaptive",600.0,2,0.05347924399505098,0.0,0.0,0.0015785656384658048,0.016233627714492938,0.03566705064209224,18.718147181985895,4.003949361610041,0.0815840727115343,0.07146721488855226,0.18405107119671066,0.2431832936593811,0.4197143475438217
modulation,"qot-adaptive",600.0,3,0.05465313391841727,0.0,0.0,0.0017810012230972255,0.01924768791708688,0.03362444477823316,18.70785194432431,3.9737768868180097,0.07736901988405483,0.06842932220837622,0.18865471094977515,0.2502573549330877,0.41528959202470606
modulation,"qot-adaptive",600.0,4,0.060281399251323094,0.0,0.0,0.0014199044791532206,0.015920141129899746,0.04294135364227013,18.724021074035278,4.006991479134804,0.0856456194013546,0.07199038671618964,0.18434564124972688,0.23503386497705922,0.42298448765566965
modulation,"qot-adaptive",800.0,0,0.10353863525000533,0.0,0.0,2.1304245936215087E-4,0.05313278936492043,0.05019280342572275,18.525325230966804,4.071590651236669,0.09916042659405491,0.07261175402768323,0.19945541184479237,0.23814386203766735,0.3906285454958021
modulation,"qot-adaptive",800.0,1,0.10482139790486004,0.0,0.0,7.942641250214666E-4,0.0578739481366993,0.04615318564313928,18.58730859066533,4.004988944951528,0.08832700266455014,0.06888145586484494,0.18918306026418732,0.24287091104937922,0.4107375701570384
modulation,"qot-adaptive",800.0,2,0.10646931932252622,0.0,0.0,5.553063796159842E-4,0.06272826295892868,0.043185749983981545,18.58121962979692,4.004362853419457,0.09167658224261997,0.06425293217746048,0.1917389087200408,0.24488639582979205,0.4074451810300867
modulation,"qot-adaptive",800.0,3,0.10345272113959135,0.0,0.0,0.0018047826740863289,0.04254130588917775,0.05910663257632727,18.584821671359098,4.111168032786885,0.10035291438979964,0.08680555555555555,0.20110428051001822,0.22637750455373407,0.38535974499089254
modulation,"qot-adaptive",800.0,4,0.09840006808220927,0.0,0.0,0.0011488872813922811,0.050295732096506535,0.046955448704310454,18.585887289612792,4.08262124384585,0.09376945277573426,0.07503819817780544,0.1953483107916926,0.24192179276781167,0.39392224548695604
modulation,"qot-adaptive",1000.0,0,0.153209332329857,0.0,0.0,0.0010321470809590368,0.09355983227609935,0.058617352972798624,18.475950570695844,4.092822224871826,0.10563968045785144,0.08638368904256588,0.19583879813997854,0.23959699534994636,0.3725408370096578
modulation,"qot-adaptive",1000.0,1,0.1622239309667222,0.0,0.0,7.902943312401214E-4,0.0990003844675125,0.062433252167969584,18.596855230367737,4.090256843120704,0.10038586759918003,0.07705293621126251,0.20137465332207885,0.2276015917038466,0.39358495116363196
modulation,"qot-adaptive",1000.0,2,0.16048717395990514,0.0,0.0,9.269239060142273E-4,0.10053890924768269,0.05902134080620824,18.53113075673716,4.061740223965506,0.10647344152344451,0.07521408467572908,0.20276663273249895,0.2274387687885502,0.38810707227977725
modulation,"qot-adaptive",1000.0,3,0.158905866011326,0.0,0.0,0.0021369804466289132,0.06415215300779997,0.0926167325568971,18.529079639194983,4.281522070015221,0.12127853881278539,0.10757990867579909,0.20146118721461187,0.19926940639269405,0.3704109589041096
modulation,"qot-adaptive",1000.0,4,0.15950684697751802,0.0,0.0,0.0010238471054989122,0.08421142442728552,0.07427157544473359,18.49670989049835,4.216408463439628,0.11694496353005003,0.096328892639701,0.20326722526975707,0.2159262161673398,0.3675327023931521
modulation,"qot-adaptive",1200.0,0,0.21079521162890125,0.0,0.0,0.0044463445917058576,0.10190252244548953,0.10444634459170586,18.500762981207327,4.235850261913887,0.1271240577488182,0.09869681870448448,0.20148204931646863,0.19982113197904688,0.3728759422511818
modulation,"qot-adaptive",1200.0,1,0.21125941872981702,0.0,0.0,0.002411194833153929,0.12191603875134553,0.08693218514531754,18.55380030395812,4.085114455545719,0.11053496901479702,0.08157328949032502,0.1972935373719489,0.21278613886429745,0.3978120652586316
modulation,"qot-adaptive",1200.0,2,0.2186636980582732,0.0,0.0,4.495729057395474E-4,0.1415512406071375,0.07666288454539616,18.570267407508627,4.1212160082093385,0.11499486916367369,0.08093894304771677,0.20234735761929196,0.219920472036942,0.38179835813237556
modulation,"qot-adaptive",1200.0,3,0.21008711402449542,0.0,0.0,8.409522166637916E-4,0.10617560807314128,0.10307055373469036,18.506083187490063,4.186328274454789,0.12613187093482975,0.09475832164264762,0.1995918887896952,0.208583088891723,0.3709348297411045
modulation,"qot-adaptive",1200.0,4,0.2130704949646454,0.0,0.0,0.0023569745018212985,0.10010713520462824,0.11060638525819584,18.514922459615974,4.2689998062891465,0.12558920384838898,0.10202104991283012,0.21217795570478465,0.2035255375476206,0.3566862529863757
