family,topology,metric,load,v1_mean,v1_ci95,snets2_mean,snets2_ci95,rel_diff,z
ff,t3,bbp,60.0,0.0017049580055687318,0.0001567377631646441,0.0015798925571907315,0.00019838985354918195,-0.07335397585718337,-1.1189062304791353
ff,t3,bbp,70.0,0.009130903226986248,0.0006971403785949855,0.009300230215946944,0.0004572564298343187,0.018544385451403328,0.45940830707329583
ff,t3,bbp,80.0,0.030204406852539074,0.0019256272017820165,0.030397168334795575,0.0011732279808255265,0.006381899277068492,0.19336976100389214
ff,t3,bbp,90.0,0.061954034520184484,0.001279315078999038,0.06373347926773032,0.0015224390403777968,0.028722015625408492,2.0241052516058384
ff,t3,bbp,100.0,0.1027062114693035,0.0020478588766395024,0.10419726190499065,0.002336743707148948,0.014517626678623883,1.0854981873138951
ff,t3,bbp_100,60.0,4.8593815530680924e-05,4.794509035828003e-05,6.351086871574163e-05,4.726499709365273e-05,0.30697431395652497,0.5011833020688007
ff,t3,bbp_100,70.0,0.0002471272314782808,0.00010163476137279712,0.00038750786243985666,0.00010492661002260988,0.5680500288124396,2.17375472215437
ff,t3,bbp_100,80.0,0.0012065309321855826,0.00021106698130012532,0.0015134986436223477,0.0001314487508028679,0.25442175019972796,2.792495879200624
ff,t3,bbp_100,90.0,0.0032299282351076924,0.00046749097142651636,0.003212012905015971,0.00024740498025221794,-0.005546665061158635,-0.07661731153019748
ff,t3,bbp_100,100.0,0.006516368780605153,0.0004369202118754885,0.0063754376920497294,0.0006174372815269055,-0.021627242610160562,-0.42145652289328833
ff,t3,bbp_200,60.0,0.0003620224015162384,0.0001563354815084333,0.00041303478741867297,0.00011015354136227157,0.14090947325022496,0.6033628004440672
ff,t3,bbp_200,70.0,0.0024322463284022788,0.0004140825175420949,0.002758008118264584,0.0002838407507629803,0.13393453864366417,1.467799403431704
ff,t3,bbp_200,80.0,0.008682410298432683,0.000534916655487807,0.00929694725119721,0.000633013001889382,0.07077953375175804,1.6773064070951673
ff,t3,bbp_200,90.0,0.020451830609079506,0.0007231808587300948,0.02128306711586157,0.0009192411787618664,0.04064362367704333,1.6075887938743871
ff,t3,bbp_200,100.0,0.03623513764646046,0.0012926834613024363,0.03743889753995826,0.0010949404843021713,0.033220789865424497,1.607300876876539
ff,t3,bbp_400,60.0,0.0027951729899048173,0.00026064323738418904,0.002541704030795313,0.00034608566165177465,-0.09068095607139345,-1.3233461740321553
ff,t3,bbp_400,70.0,0.014740565087567239,0.0010775875579937466,0.014793489909333704,0.0007121652705314195,0.00359042014007345,0.09268410419841348
ff,t3,bbp_400,80.0,0.04825216916674048,0.0031369533219889156,0.04813461109471697,0.001817602559573254,-0.002436327196343745,-0.07334638540687669
ff,t3,bbp_400,90.0,0.09737032643087219,0.0020153122054597386,0.10006522915196622,0.002285613344388681,0.02767683769661869,2.000473367747008
ff,t3,bbp_400,100.0,0.1601066364309979,0.0028220429203334014,0.16207886073272776,0.003584599114020933,0.012318192085559421,0.9778644861452681
ff,t3,util,60.0,0.48755304123382787,0.001811262608248901,0.48195758485997525,0.0013716148684492452,-0.011476610544141931,-5.570820076080922
ff,t3,util,70.0,0.5620160539071717,0.001549493110260064,0.5568051928353925,0.0013732737142123645,-0.009271729936454498,-5.692918914690661
ff,t3,util,80.0,0.6270931212850438,0.0028180419362242395,0.6198921241856711,0.0015356996370589795,-0.01148313839676057,-5.07542293524383
ff,t3,util,90.0,0.6743587970571546,0.0016366828698664334,0.6685511855916939,0.0015657560535609475,-0.008612049684536847,-5.799863962056147
ff,t3,util,100.0,0.7099453309341819,0.0012686713157884718,0.7032090924571701,0.0017125078935977854,-0.009488390420355165,-7.149512676333866
ff,t6,bbp,120.0,0.0019077999568568084,0.0002524520433063422,0.0016328501425125937,0.0002834519144069165,-0.14411878633083086,-1.6385083910194302
ff,t6,bbp,140.0,0.009670954792197343,0.00046401925438033676,0.009472313271402409,0.0007186208207561065,-0.020540011308418173,-0.5252756575573411
ff,t6,bbp,160.0,0.026470611039434662,0.000846878519018886,0.027520031395572585,0.0014884997453893118,0.039644734856122014,1.386111894851534
ff,t6,bbp,180.0,0.05207234417286224,0.0019211823364730606,0.0519414814797348,0.0013087154718057275,-0.0025130939504666963,-0.1273396738450671
ff,t6,bbp,200.0,0.08193422282523485,0.0016840982572839719,0.08383202086348271,0.001900800752155591,0.023162458528420363,1.690396739618398
ff,t6,bbp_100,120.0,2.5960763914366835e-05,2.3877870142667872e-05,3.338761719038972e-05,3.563312482671877e-05,0.2860799204723257,0.3916549394042529
ff,t6,bbp_100,140.0,0.0004374851304589111,0.00016196065208314781,0.00029056492568133886,8.904391808632083e-05,-0.33582902491670186,-1.7981037045747288
ff,t6,bbp_100,160.0,0.0011781622953651485,0.0001932297711845222,0.0012302473580064457,8.50474244965186e-05,0.04420873325024754,0.5580595357437896
ff,t6,bbp_100,180.0,0.003149277043626711,0.00026148977140945503,0.002908590569378499,0.0003025903797093376,-0.07642594503881342,-1.3613464857364568
ff,t6,bbp_100,200.0,0.005620193939807874,0.00041447500816584705,0.005666331297819988,0.00045855513185083974,0.008209211017670148,0.1688411128059244
ff,t6,bbp_200,120.0,0.0003950757904559477,0.0001535814061194477,0.0003700382306605807,6.2654801558313e-05,-0.06337406745797244,-0.34144175702668234
ff,t6,bbp_200,140.0,0.0023375318360152456,0.00030827761131541504,0.002598418757140631,0.00037415796431008314,0.1116078579576119,1.2172616343596763
ff,t6,bbp_200,160.0,0.008142265242946508,0.0007030898663104658,0.008063870096110547,0.0005262965253599175,-0.00962817403963504,-0.20191264922771737
ff,t6,bbp_200,180.0,0.018378369043199737,0.0015245006973692236,0.017695652840642197,0.0012332048414481,-0.03714781224344578,-0.7875723859860219
ff,t6,bbp_200,200.0,0.03197169589124109,0.001064817468238047,0.03209841108038971,0.0012377947893153418,0.003963355262094011,0.17554702348675555
ff,t6,bbp_400,120.0,0.003135868535315104,0.000435362743614531,0.002660493143834615,0.00048157653496914385,-0.15159289559717504,-1.65635272701105
ff,t6,bbp_400,140.0,0.01565784625379094,0.0007454822172142625,0.015188639449492114,0.0010857195202095776,-0.029966241633342456,-0.8058717236063194
ff,t6,bbp_400,160.0,0.04191768739984661,0.001162783072410047,0.04371972646764354,0.002320364083921982,0.04298994480796494,1.570546504360197
ff,t6,bbp_400,180.0,0.08127786627763414,0.002706628287349636,0.08126760014047044,0.001859515907838962,-0.00012630913720886947,-0.007071589644362248
ff,t6,bbp_400,200.0,0.12616064221996387,0.0024188378107999494,0.12908228376633266,0.0029542832992224934,0.023158106164954673,1.7308607355540575
ff,t6,util,120.0,0.3653713053341285,0.00214924415889305,0.3617578709212398,0.001953856149765049,-0.009889759705087525,-2.8139980295344555
ff,t6,util,140.0,0.4213103837126946,0.0013371687680761308,0.4179336085003015,0.0018380917722046134,-0.008014934696448962,-3.360409946065293
ff,t6,util,160.0,0.46948507949987794,0.001029367776178591,0.4663602499604077,0.0017652016191691815,-0.006655865491612613,-3.459098105948732
ff,t6,util,180.0,0.5073611450587311,0.0010970343138999087,0.5049884736250647,0.0019472103037950419,-0.004676494163524717,-2.401361679149958
ff,t6,util,200.0,0.5396352969827156,0.0008064234257411115,0.5375328898513932,0.0013644215432559255,-0.003895977789217353,-3.0005622366676334
ff,t9,bbp,160.0,0.0019237058437878447,0.0003911636298389367,0.001991011232476073,0.00020233888700685353,0.03498735989474449,0.34569853055077276
ff,t9,bbp,185.0,0.010000478733743288,0.0005489511142077324,0.01016506791168843,0.0009774833826237852,0.016458129888301202,0.33209103139112933
ff,t9,bbp,210.0,0.028262466662967934,0.0008672994430017034,0.028100324606297876,0.0015031303379343022,-0.005737010099069357,-0.21134353876750467
ff,t9,bbp,235.0,0.05395332890869794,0.000912459814087451,0.05448308180857535,0.001291935676641608,0.009818725009051432,0.7576175106313731
ff,t9,bbp,260.0,0.08458806189782403,0.0021576616762453774,0.08543352213959769,0.001698160670074157,0.009995030301024213,0.696500792472713
ff,t9,bbp_100,160.0,6.249513095676199e-05,3.898143528730173e-05,5.680052986347437e-05,3.3929133572556546e-05,-0.09112071622391661,-0.24925290704142505
ff,t9,bbp_100,185.0,0.00036522853039407165,0.00012024145285772945,0.000340230605903347,7.375996788545575e-05,-0.06844461045732814,-0.4008537473512418
ff,t9,bbp_100,210.0,0.0014213565879764199,0.000269412583258755,0.0013707515582203837,0.00016011119066998176,-0.03560333148213171,-0.36524907143628316
ff,t9,bbp_100,235.0,0.0032019444986889573,0.00021349073380925237,0.003306157445778589,0.0002561422844173589,0.032546768731407424,0.7069471584169652
ff,t9,bbp_100,260.0,0.0066135968395731656,0.0005232132849791856,0.006790674429331125,0.00037597829954002414,0.026774778392658752,0.621689669798635
ff,t9,bbp_200,160.0,0.000432898286555628,0.00014443855204518053,0.0004400885906045454,0.00010473376031482592,0.016609684704754418,0.09116124346057601
ff,t9,bbp_200,185.0,0.0025361499360682742,0.000492452812092751,0.002695153052264161,0.00031393185703328813,0.06269468296593891,0.6158585049411727
ff,t9,bbp_200,210.0,0.008519158109178247,0.0005832828865352344,0.008580739561579153,0.0006606996168184568,0.007228584281651108,0.15805341336394274
ff,t9,bbp_200,235.0,0.0180566656560539,0.0006672887831957007,0.018698045485161952,0.0010112250684539668,0.035520391268529336,1.1974764788694485
ff,t9,bbp_200,260.0,0.03142875118278694,0.0010636877376806976,0.03198268477721315,0.0011408239564847985,0.017625059016967568,0.8033174534642755
ff,t9,bbp_400,160.0,0.003131873300832067,0.0006357828616630235,0.003250295286044691,0.0003223203616297431,0.037811869714257526,0.3757906363221464
ff,t9,bbp_400,185.0,0.016148418340556546,0.0009575992189147341,0.016342272653265193,0.0015686587793284016,0.012004538687345299,0.2385933804850072
ff,t9,bbp_400,210.0,0.04478113309532406,0.0014689557946811775,0.04449488211325779,0.002417647358196011,-0.00639222284654874,-0.22888495720187335
ff,t9,bbp_400,235.0,0.0845842538871597,0.0015574180081577382,0.08511065901628956,0.0019504169534589914,0.006223441183652317,0.4770676224940802
ff,t9,bbp_400,260.0,0.13075116205903153,0.0038714098049089877,0.13188748338149858,0.0025691533832692356,0.00869071681331614,0.5532022028912507
ff,t9,util,160.0,0.34261582059574247,0.0010072675866202062,0.3405848050883932,0.0015263867537046467,-0.005927967668911789,-2.5121400216130416
ff,t9,util,185.0,0.39211628793265063,0.0010200446424216741,0.38927989966745585,0.0018564646419486476,-0.0072335384998899925,-3.0288834820734345
ff,t9,util,210.0,0.43252388837506867,0.0010305290349776886,0.4308816886857329,0.0014365391941932588,-0.0037967837926947317,-2.101113141752576
ff,t9,util,235.0,0.4659544316567886,0.0006085514396052389,0.464676503080665,0.0011213663949637784,-0.0027426041889540937,-2.2656822422287375
ff,t9,util,260.0,0.49394084461157683,0.0012629221547182008,0.49239585583990386,0.0008070727083158153,-0.0031278821918197808,-2.331740983211091
ffgb,t3,bbp,40.0,0.0009010836437457594,0.00014506857699465235,0.0010253647502570771,0.00018445479623534214,0.13792405108441147,1.1979707953358516
ffgb,t3,bbp,50.0,0.01013561440327278,0.001048260567518906,0.010614091848413994,0.00033364440684666353,0.04720754224694217,0.9838549923794735
ffgb,t3,bbp,60.0,0.03973278016934724,0.000933571191998434,0.04264875592557834,0.0012947813426933403,0.07338967330760045,4.132145576325185
ffgb,t3,bbp,70.0,0.08979650831360596,0.001525735402439392,0.09443478937045521,0.002714331507693188,0.0516532451423444,3.369499230714433
ffgb,t3,bbp,80.0,0.14482552659573336,0.002018386334478649,0.14996178247983044,0.001682571009280138,0.035465128315634906,4.421398468025757
ffgb,t3,bbp_100,40.0,4.259382402646279e-05,1.8899396864464932e-05,0.0001537226292671329,5.339585229327522e-05,2.609035647318911,4.43794047573098
ffgb,t3,bbp_100,50.0,0.0010872884849937685,0.0001774149753090592,0.0012188744558872834,0.00021446273681130967,0.12102213231318189,1.0693859201836735
ffgb,t3,bbp_100,60.0,0.005100978245551833,0.000478438610569074,0.0057086789600336845,0.00042820441177261786,0.11913415137807733,2.1408952544734925
ffgb,t3,bbp_100,70.0,0.013818341561366076,0.001031964399102205,0.014859067875893375,0.000751314486285315,0.07531484946333987,1.844217270849258
ffgb,t3,bbp_100,80.0,0.026539095424586413,0.0010905210690638483,0.027860262636929967,0.0008522299892840345,0.049781923279856595,2.159263602982609
ffgb,t3,bbp_200,40.0,0.0003668393961833968,0.00011560526700339017,0.0004993805807245779,9.550051803768219e-05,0.36130575374439555,1.9993908953063482
ffgb,t3,bbp_200,50.0,0.004258248104103982,0.0004883387821086264,0.004347239287298641,0.00013646894428198834,0.02089854348996056,0.39699933325340303
ffgb,t3,bbp_200,60.0,0.017450144309786066,0.0011220533443420267,0.018988460528301172,0.000870631688074123,0.08815492818889852,2.450106266634248
ffgb,t3,bbp_200,70.0,0.04379532399193609,0.0017064390065348136,0.04494570460273471,0.0015508168894251436,0.02626720174533783,1.1285015684318687
ffgb,t3,bbp_200,80.0,0.07454052442448436,0.0017620323586484798,0.07844585365230153,0.0011520879452287633,0.05239202779923536,4.196113319226745
ffgb,t3,bbp_400,40.0,0.0013846241414481246,0.0002621871575445881,0.0015059565933409366,0.0003078365625585242,0.08762843883822158,0.6787400115438937
ffgb,t3,bbp_400,50.0,0.015319466305096213,0.0016057165742396678,0.016087494591786593,0.0005721653941865993,0.05013414118968922,1.0191650157557857
ffgb,t3,bbp_400,60.0,0.05945356457452948,0.001274245792192313,0.06369461781921253,0.0019814932771947506,0.07133387669912658,4.072106536841883
ffgb,t3,bbp_400,70.0,0.13208165358489102,0.0023574161378761118,0.13902667852297615,0.004110289366963112,0.05258129914024321,3.3154307549394857
ffgb,t3,bbp_400,80.0,0.20971128466770325,0.003147461484212365,0.21629612475996912,0.0021980023966326895,0.03139955059023094,3.879918116882219
ffgb,t3,util,40.0,0.32911110179855124,0.0013733762653633224,0.42568942800981474,0.0011668214295903585,0.29345204608253855,121.2240234320407
ffgb,t3,util,50.0,0.4050446486038764,0.0017444458227319872,0.5264615010087532,0.001627979018117095,0.2997616505325552,115.10268606371515
ffgb,t3,util,60.0,0.46696850816852964,0.001262924900936292,0.608556654027487,0.0014141909567113762,0.30320705439917595,168.91770019005023
ffgb,t3,util,70.0,0.5083182078007209,0.0010730672418640752,0.6663734145036795,0.0010328184893420114,0.310937527472795,240.0503241570649
ffgb,t3,util,80.0,0.5337993087025585,0.0005480842524985982,0.7047580723821746,0.0012816292942271815,0.3202678626451294,277.4284030980548
ffgb,t6,bbp,80.0,0.0008332968613966407,0.00013755840991009813,0.0008834770902761017,0.00013931660376557476,0.060218910215690494,0.5797592882613009
ffgb,t6,bbp,100.0,0.008769531006576538,0.0006913142854703843,0.009510815577121209,0.0006176628746323176,0.08452955693853624,1.808731526451371
ffgb,t6,bbp,120.0,0.03435634193311089,0.0011869478330039146,0.0357109543170088,0.0014006754751779524,0.03942830661469224,1.6689572468139076
ffgb,t6,bbp,140.0,0.07091166274910339,0.0010683298139431065,0.0745632983138295,0.001479840933927309,0.05149555691066185,4.5255973183209015
ffgb,t6,bbp,160.0,0.11244101156741279,0.0017199104093920236,0.11570386281303709,0.001445718584103183,0.029018337705616324,3.2848977470551177
ffgb,t6,bbp_100,80.0,7.707922376936751e-05,7.646909386341421e-05,5.6692240025196826e-05,2.97584647728208e-05,-0.26449389014569696,-0.5620027160312183
ffgb,t6,bbp_100,100.0,0.0009414316507068768,0.0001663026635116757,0.0011244580115711959,0.00016843324605261665,0.19441279749506318,1.7490818823830523
ffgb,t6,bbp_100,120.0,0.004777839782608089,0.00037293054019627123,0.004802346879342693,0.0003664903538484023,0.005129325772666679,0.10602084782581377
ffgb,t6,bbp_100,140.0,0.011681365324696656,0.0005944536233763094,0.012355806599681853,0.0006368474272135091,0.05773651077920649,1.7511777416919352
ffgb,t6,bbp_100,160.0,0.022540634760274753,0.0011674462989341374,0.02280443212976512,0.000897084650830554,0.01170319169339797,0.4052885184402288
ffgb,t6,bbp_200,80.0,0.00029072610165152037,5.713490131035532e-05,0.0003132819393530975,7.908444192279236e-05,0.07758449473041718,0.5229518392071758
ffgb,t6,bbp_200,100.0,0.0036663862870645867,0.0004736315385756334,0.0036786587566602024,0.00037611943393941257,0.0033472931204533165,0.04589940654256419
ffgb,t6,bbp_200,120.0,0.015585025771593717,0.0006029914687174132,0.016628978053005505,0.0005318428722550392,0.06698431537499054,2.936999776146862
ffgb,t6,bbp_200,140.0,0.03580487439108706,0.0012088510862419742,0.03698432773486057,0.0012799736265699038,0.032941138988246695,1.5153634119274948
ffgb,t6,bbp_200,160.0,0.06186302429227447,0.0014992016214195778,0.06339515224665658,0.001700662621968449,0.02476645737756864,1.5286640088770103
ffgb,t6,bbp_400,80.0,0.001295794539539822,0.00024949828601013405,0.0013733946155905182,0.00022951448599344855,0.05988609589160218,0.5177797318953309
ffgb,t6,bbp_400,100.0,0.013276832607745644,0.0010934948114405265,0.014512545429079957,0.0010092802495597602,0.0930728629216432,1.878383743403725
ffgb,t6,bbp_400,120.0,0.05109347964178325,0.0018209822211876722,0.052937703151966664,0.0022017346161903543,0.0360950853829741,1.4600407878271509
ffgb,t6,bbp_400,140.0,0.10309355342451473,0.0016582226010803836,0.10883502968117095,0.002084268747227569,0.05569190377029867,4.876119088246288
ffgb,t6,bbp_400,160.0,0.16019890713671905,0.002615819548983773,0.1651099565677747,0.0017143543409269737,0.030655948400848853,3.551924060319442
ffgb,t6,util,80.0,0.24456431901021264,0.0010582763664990496,0.31571110646339345,0.001604082597075042,0.29091237732929404,83.74453716009356
ffgb,t6,util,100.0,0.30150891541362823,0.0012631660078287652,0.3902755774369414,0.0012502990846038182,0.2944080837594394,112.97411265020583
ffgb,t6,util,120.0,0.348650649125608,0.0009817680281933147,0.4525548392619063,0.0013864318231024935,0.29801806018971405,138.3479917828349
ffgb,t6,util,140.0,0.3849092686002237,0.0012564163383058098,0.5004314399929901,0.0012017683817404374,0.30012831806539486,150.29728498864606
ffgb,t6,util,160.0,0.4123337339028789,0.0007097233037878384,0.5372309159267297,0.0006069902349969986,0.30290313829445015,302.5178907300796
ffgb,t9,bbp,115.0,0.0024585755405839758,0.00013513284955990473,0.002689298116345775,0.00023262343467903924,0.09384400517829798,1.9399465115412078
ffgb,t9,bbp,140.0,0.01565637072831656,0.0004347671623206708,0.017882572353468004,0.0010787548129279178,0.14219142250669073,4.329630395246349
ffgb,t9,bbp,165.0,0.04680046849008943,0.0016156523622761236,0.04935161049807175,0.0008706759701795462,0.054511035685947264,3.1442336565445115
ffgb,t9,bbp,190.0,0.0867865443193637,0.0017768114652736242,0.09016657232545364,0.001623609252198098,0.03894645227089419,3.1765442772021055
ffgb,t9,bbp,215.0,0.12932984781262596,0.0018566337920610375,0.1316515119853463,0.0015053123315956366,0.0179514954357944,2.1971404818865232
ffgb,t9,bbp_100,115.0,0.0001778011305316966,7.63161523014521e-05,0.00028340115393260876,9.468871349001986e-05,0.5939221144720835,1.9641332548529757
ffgb,t9,bbp_100,140.0,0.001992699797791864,0.0003271894799858387,0.002232560024616397,0.00034273101250741707,0.12036947416280437,1.1450533959854783
ffgb,t9,bbp_100,165.0,0.006676183104876323,0.000624585742926873,0.0073331588167095145,0.0005441927421695306,0.0984058857453044,1.793906311962982
ffgb,t9,bbp_100,190.0,0.015762603185739903,0.0007750954064954024,0.016570636104310105,0.0006895340554779023,0.05126265687517993,1.761850633039509
ffgb,t9,bbp_100,215.0,0.028217562548663967,0.0011223218992403115,0.028614529596853087,0.000857604626425199,0.01406808428277645,0.6357195680284623
ffgb,t9,bbp_200,115.0,0.0009639245206419367,0.00016695874244646575,0.0009169656991913652,0.00014241141166261033,-0.04871628477642491,-0.48404255078102504
ffgb,t9,bbp_200,140.0,0.0065245859944892196,0.0004968258147909925,0.007292632848437927,0.0006562748194861032,0.1177157990709929,2.110645225548228
ffgb,t9,bbp_200,165.0,0.020541703601462163,0.0013285793693582776,0.022571183788677708,0.00047568483458841073,0.09879804648096892,3.2531062798310435
ffgb,t9,bbp_200,190.0,0.04412557575583469,0.0015517810824038553,0.045471330460977934,0.0007929199653470418,0.030498292250958313,1.746844434729687
ffgb,t9,bbp_200,215.0,0.07042587821544972,0.0011162040473858131,0.07266624515959988,0.0012394608281531187,0.031811700484534,3.0382224221722502
ffgb,t9,bbp_400,115.0,0.003768499068384812,0.00021105433937458276,0.00417713166598134,0.0003653716974830768,0.10843377965107713,2.190616297160623
ffgb,t9,bbp_400,140.0,0.02363717641490889,0.0006713795966474562,0.027089785517701775,0.001718944471176512,0.14606690080864262,4.232025270173538
ffgb,t9,bbp_400,165.0,0.07002243275752248,0.002188956020066721,0.07318673597658565,0.0014038668903398818,0.04518984980171549,2.7524612046062016
ffgb,t9,bbp_400,190.0,0.12589328656057927,0.002675505430030054,0.13100782719554163,0.0024843999101796955,0.04062599980262862,3.1686541373416017
ffgb,t9,bbp_400,215.0,0.1836489315744682,0.003136463539392417,0.1870188678909892,0.0020879179995386297,0.0183498825047861,2.0231076125330634
ffgb,t9,util,115.0,0.24686754312507966,0.0009915139597785627,0.31879395332479044,0.0011798672118547959,0.2913562847881871,105.56795812315939
ffgb,t9,util,140.0,0.29383079780746546,0.0008528352561384307,0.3814148859949581,0.0012942664693168823,0.29807661021593346,127.81749537857702
ffgb,t9,util,165.0,0.33067835941813695,0.0008297294726273493,0.4301449167334915,0.0011437842058107386,0.30079548444106324,159.22600770343567
ffgb,t9,util,190.0,0.35922525833782487,0.00045581115686312576,0.4682167994689489,0.0012197923164283726,0.3034072315388956,189.32866691937772
ffgb,t9,util,215.0,0.38113724225464746,0.0007389010002337306,0.4972117774994304,0.0010903712463430576,0.30454786983852555,199.33993635697314
abne,t3,bbp,1350.0,0.0019038798340903693,0.00026201387331216256,0.002029765561080792,0.00024349118904035995,0.06612062627921468,0.7960992749260328
abne,t3,bbp,1500.0,0.014005103605763592,0.0008928234791028214,0.014956957265687807,0.0008187823030442982,0.06796477103764471,1.7773300089451194
abne,t3,bbp,1650.0,0.044725082050299264,0.0014104325369862717,0.04526071011948961,0.0015932280331154012,0.011976010878816492,0.5693998157031276
abne,t3,bbp,1800.0,0.08570555391591705,0.001774215173556904,0.08634601006719114,0.0019179250883075327,0.007472749687872257,0.5544853496571321
abne,t3,bbp,1950.0,0.1284881404074251,0.00147109979841457,0.13081968423959475,0.002208657000727133,0.018145984717161664,1.9873708379991568
abne,t3,bbp_100,1350.0,5.044705446165655e-06,6.81862884867657e-06,3.3322225924691765e-06,7.537487504165277e-06,-0.339461415928276,-0.3811124008828368
abne,t3,bbp_100,1500.0,0.00017650840124213508,0.00011432717380246236,0.00015693375275732026,6.38779985297089e-05,-0.11089924528839976,-0.33809641489726244
abne,t3,bbp_100,1650.0,0.0005802393300235712,0.0001434919754625383,0.0006500212780664375,0.00015292937703531088,0.12026407799697333,0.7526987663913287
abne,t3,bbp_100,1800.0,0.0016185215184978175,0.00032171127805182963,0.0018175230154480258,0.00023221788981212795,0.12295264207231893,1.1345259790533104
abne,t3,bbp_100,1950.0,0.0035581669191304087,0.0003880568491844635,0.00347276830111181,0.0003321348603137895,-0.02400073407446252,-0.37818561223005387
abne,t3,bbp_200,1350.0,0.0002981539635205986,0.0001080215689674396,0.00030963379128809106,8.244748323009153e-05,0.03850301915137666,0.19109030541120672
abne,t3,bbp_200,1500.0,0.0024907393454133833,0.00043044465853843357,0.002763333759105302,0.0002845176727710877,0.10944317164053814,1.1950296545911887
abne,t3,bbp_200,1650.0,0.010351868359709079,0.0007946578490304064,0.010189942468642297,0.0009180927888961458,-0.015642189935202385,-0.3016510549266219
abne,t3,bbp_200,1800.0,0.022725260120833722,0.001389864332807397,0.023471988404308673,0.0006846390467470396,0.032858954287188824,1.0902059655301548
abne,t3,bbp_200,1950.0,0.0381436921518246,0.0010549958202222343,0.039744541457205323,0.0017898612684628457,0.041968913208737336,1.7428947683157545
abne,t3,bbp_400,1350.0,0.003188066221687688,0.0004383800739781949,0.0033970715516654947,0.00040834118668554273,0.06555865388114937,0.789135109486607
abne,t3,bbp_400,1500.0,0.023264908398021984,0.0015602990328437156,0.02476596749325714,0.0013997467023448334,0.06452030971085955,1.6198286174625318
abne,t3,bbp_400,1650.0,0.07299048561750004,0.0022483028577919653,0.07394389570595815,0.00254639372368488,0.013062114608393785,0.6348754104279206
abne,t3,bbp_400,1800.0,0.13824987135819042,0.0025536935048239805,0.1389083810029222,0.0030900252187180473,0.004763184502542085,0.37157982118627414
abne,t3,bbp_400,1950.0,0.20505276063362735,0.002170790703498351,0.208041334563478,0.003058154789125852,0.014574658349469478,1.802570452332274
abne,t3,util,1350.0,0.6679432800310213,0.0022661222416088624,0.6692316391699179,0.0016098801402508087,0.001928845124149976,1.0483913045542181
abne,t3,util,1500.0,0.7326047718776686,0.0029285392750314355,0.7331750606539267,0.0018019748147243423,0.0007784398875759921,0.3751588656908581
abne,t3,util,1650.0,0.7767345988213147,0.0013777214127290913,0.7775141212227916,0.0019849347680982623,0.0010035891315513118,0.7297701467640246
abne,t3,util,1800.0,0.8043245338606898,0.0009051275265526588,0.8047454458269255,0.0015605632968504536,0.0005233111120151769,0.5277571829428044
abne,t3,util,1950.0,0.8216316073151452,0.0011257533800311666,0.8217480265903525,0.0010926251482899496,0.00014169279050468885,0.16786046267509583
abne,t6,bbp,2800.0,0.003332830097807003,0.0005677158583716778,0.003046649104485254,0.00044751044016293716,-0.08586726143347534,-0.8954935101805284
abne,t6,bbp,3150.0,0.017722701986530226,0.0011179151303567774,0.016196295287809182,0.0010696794019908592,-0.08612720001053777,-2.2315441512333205
abne,t6,bbp,3500.0,0.040599208470215475,0.0015698123681496205,0.04082994310630836,0.0017383857237978748,0.005683229914744651,0.22282595852244202
abne,t6,bbp,3850.0,0.07134257598778378,0.0011872440570416744,0.07098045463142443,0.0014167967424379836,-0.005075809940215208,-0.44313193964659636
abne,t6,bbp,4200.0,0.10259110633101776,0.002172940781615322,0.10210497444614655,0.002118386627759631,-0.004738538283256879,-0.36235558885765845
abne,t6,bbp_100,2800.0,2.926782700842742e-05,2.5910401895440326e-05,1.0019001824512202e-05,1.1539489300264935e-05,-0.6576786578099114,-1.5350815278220693
abne,t6,bbp_100,3150.0,0.00024299563694695053,8.474667615925244e-05,0.00017697825352611866,8.140680257224106e-05,-0.2716813530081794,-1.2707752427390093
abne,t6,bbp_100,3500.0,0.0007110035118346952,0.00013112314413414814,0.0008147435657355128,0.00010932513317513074,0.14590652813109697,1.3745326982449015
abne,t6,bbp_100,3850.0,0.0023358812141499683,0.0003724842678692754,0.0022347993374364624,0.00030466741370908327,-0.043273551797577074,-0.4751467739484695
abne,t6,bbp_100,4200.0,0.004459028255626361,0.00026274333780627727,0.004751286986131235,0.00035581403900260494,0.0655431438758221,1.4946304602860636
abne,t6,bbp_200,2800.0,0.0006592172276612207,0.00020272115272292307,0.0005470836053188112,0.00016978842810142893,-0.17010117096035038,-0.9592137476870288
abne,t6,bbp_200,3150.0,0.0035055216070153036,0.00033931398189114787,0.003278070100758377,0.00032980517050164006,-0.06488378385737152,-1.0872992939333308
abne,t6,bbp_200,3500.0,0.010726773441201572,0.0008128555890464157,0.009987220684298017,0.0007110638572122574,-0.06894456762393528,-1.5489880079508784
abne,t6,bbp_200,3850.0,0.022370319605471693,0.000791517740244419,0.021243362529719683,0.0008560295238267037,-0.0503773345945563,-2.186474481033051
abne,t6,bbp_200,4200.0,0.03731244516123978,0.0012553266568241202,0.03619944647101432,0.001171976446630155,-0.029829154466179068,-1.4659607560841366
abne,t6,bbp_400,2800.0,0.005496012660343379,0.0009519936299706693,0.005049203227233562,0.0007387157878560591,-0.08129701671427751,-0.8387503021660223
abne,t6,bbp_400,3150.0,0.029226635746815395,0.001882037523916908,0.026650697449160703,0.0017669697743315888,-0.08813666820805309,-2.257108832148836
abne,t6,bbp_400,3500.0,0.06571529171353377,0.0024790809927670255,0.06614446640352861,0.0027592742561029144,0.006530819217324677,0.26171364785322954
abne,t6,bbp_400,3850.0,0.11321643494695828,0.002012698046113665,0.11294088482814242,0.0025211739090117325,-0.002433834972324947,-0.1932078488280578
abne,t6,bbp_400,4200.0,0.15976525153260163,0.003290716410211458,0.159216651457503,0.0033624004849130426,-0.00343378844796351,-0.2637625300107078
abne,t6,util,2800.0,0.4943456236963254,0.001428796765516594,0.4935229702968395,0.0023754352522290774,-0.00166412598807843,-0.6712920441915896
abne,t6,util,3150.0,0.5458723259716753,0.001665280230646823,0.5441147947764648,0.002013064283758143,-0.003219674476228512,-1.5216881882742896
abne,t6,util,3500.0,0.5840432552348318,0.0014810633570954026,0.5841531088609114,0.0013911830658127863,0.00018809159269454415,0.12228910443703671
abne,t6,util,3850.0,0.6158364160711978,0.0008932865516239258,0.6151577084192154,0.0011711901807798057,-0.0011020908057245299,-1.042271291819396
abne,t6,util,4200.0,0.6397562325922,0.001145956176448748,0.6401620775980286,0.0008730703681725479,0.0006343744463169896,0.637227993047023
abne,t9,bbp,3800.0,0.004943203602065946,0.0005815931810715868,0.0052304169855363234,0.0007464451709300665,0.05810268129565623,0.6865642817885068
abne,t9,bbp,4300.0,0.023585073374287197,0.0012956638864313444,0.02410527485692788,0.0017654850186644036,0.022056386019464913,0.5373273983659795
abne,t9,bbp,4800.0,0.05550692739737416,0.0021167603553459927,0.05546390665642681,0.0012970376823095325,-0.0007750517451518138,-0.03919900711995004
abne,t9,bbp,5300.0,0.09107815603951394,0.0025197095477619384,0.0926105650123381,0.0015607891751978965,0.016825208584145282,1.1694897702866989
abne,t9,bbp,5800.0,0.12793404916417456,0.0028026579050793097,0.12863957857779335,0.0017946456297830218,0.00551478998928112,0.47953821858227874
abne,t9,bbp_100,3800.0,0.00011055228222087682,7.719845207959373e-05,8.66831331644644e-05,4.218383203856689e-05,-0.21590824338409673,-0.6137407532407707
abne,t9,bbp_100,4300.0,0.0006176096756881726,0.0001545998023158893,0.0004904836994675019,0.00012949476240136867,-0.20583546732654462,-1.4259025842384463
abne,t9,bbp_100,4800.0,0.0022250430278753786,0.0003489291086400479,0.0021850450716600156,0.0002820633389592936,-0.017976261903373467,-0.2016491419902987
abne,t9,bbp_100,5300.0,0.004621634932664155,0.0004401567850854819,0.0050304748277282645,0.0003260635651675911,0.08846217864906802,1.6882824790162312
abne,t9,bbp_100,5800.0,0.008267302242500885,0.0006278618614287401,0.008798361849316235,0.0006837595384612484,0.06423614272685679,1.2940419124990494
abne,t9,bbp_200,3800.0,0.0007981722471043928,0.00018201933029225173,0.0009431271087373615,0.0002116267751677769,0.18160849636007215,1.1746526803152477
abne,t9,bbp_200,4300.0,0.005600069508772205,0.0005777246857171233,0.0060284710554072635,0.0005898813484471523,0.0764993266537122,1.1736504237162393
abne,t9,bbp_200,4800.0,0.016279483061316692,0.0009416022054287555,0.016144744153078018,0.0006336154125482154,-0.008276608521977006,-0.26854289466846504
abne,t9,bbp_200,5300.0,0.0313277883622892,0.0008031432950411912,0.031201225078241183,0.0012323209696455666,-0.0040399686880024975,-0.19462849188061773
abne,t9,bbp_200,5800.0,0.049933104019326394,0.0023542615631404378,0.048844947212337106,0.0016284207951127259,-0.021792292475310993,-0.8598607126083878
abne,t9,bbp_400,3800.0,0.008219707975894998,0.0009704667482847737,0.008658409871702657,0.0012480053507673914,0.05337195641185669,0.6276982432814768
abne,t9,bbp_400,4300.0,0.03838508888644483,0.0021170276187789136,0.03906291792698778,0.002847945696952314,0.01765865496751044,0.43207093936405905
abne,t9,bbp_400,4800.0,0.08849089425737315,0.003326779411779523,0.08846777933775964,0.0020500403726975342,-0.0002612124084347697,-0.013380232703437486
abne,t9,bbp_400,5300.0,0.14274085345604712,0.004003857397966935,0.1452888146430744,0.0022163602428647198,0.017850258880593287,1.2594027803349748
abne,t9,bbp_400,5800.0,0.19682189166351494,0.003937783545344629,0.1986015529561358,0.0026443185135026862,0.00904198855919622,0.848696864086398
abne,t9,util,3800.0,0.4663897739439363,0.0014176020070311454,0.46776237402757453,0.001160795356707891,0.0029430321167444942,1.694565182239578
abne,t9,util,4300.0,0.5128928947253686,0.001065692843200865,0.5136900803205424,0.0015297288132500343,0.0015542925304135675,0.9672225999141563
abne,t9,util,4800.0,0.5484631404870832,0.0013577454721116955,0.5487148253789045,0.0008116147299355281,0.00045889116923653164,0.3599063404265782
abne,t9,util,5300.0,0.5755515621599583,0.0005467385855306715,0.5752955570120513,0.001328827171080835,-0.00044479967519551995,-0.4030067521292055
abne,t9,util,5800.0,0.5965001569452252,0.0007138160080330979,0.5959680862719671,0.0012770203322461581,-0.0008919874824223558,-0.8226652523180692
cpcas,t3,bbp,1350.0,0.0005142324311721042,0.00012231839073327744,0.0005978921391956305,0.00013047461592160216,0.16268851000478218,1.0581152074513416
cpcas,t3,bbp,1500.0,0.008526541344410634,0.0006981017093198373,0.008463663165777215,0.0009431236244549348,-0.007374406115398439,-0.12121397198931905
cpcas,t3,bbp,1650.0,0.036219037050023495,0.0023038865672194873,0.035892978448203744,0.0015547291305130107,-0.009002409461339872,-0.26536087012535464
cpcas,t3,bbp,1800.0,0.07643202561988317,0.0017550263230402625,0.07690555761563636,0.001955440282669559,0.006195465734588643,0.4076578528753393
cpcas,t3,bbp,1950.0,0.1216937864516594,0.0016227922298511837,0.12312072075440694,0.0034545235955004707,0.01172561347915954,0.8456851759714357
cpcas,t3,bbp_100,1350.0,0.0,0.0,0.0,0.0,nan,0.0
cpcas,t3,bbp_100,1500.0,6.59691144772122e-05,6.54549617770046e-05,3.6761022733429637e-05,2.384707512342676e-05,-0.44275403687390646,-0.9483945996545704
cpcas,t3,bbp_100,1650.0,0.0002631259452801807,9.219749564167866e-05,0.00029398320063558616,8.47196276378595e-05,0.11727180807863004,0.5574519320598271
cpcas,t3,bbp_100,1800.0,0.0010612521839987157,0.0002509742063958676,0.0009932597831739845,0.00013072125854442755,-0.06406809036523363,-0.5435024688641324
cpcas,t3,bbp_100,1950.0,0.0026631384622110652,0.000307716242254014,0.002297931655829017,0.0002957821881683559,-0.13713399117777603,-1.9354654327282372
cpcas,t3,bbp_200,1350.0,5.650601597543199e-05,3.991551903447492e-05,7.322365243666138e-05,3.857392454011852e-05,0.2958558690192914,0.6812520037347524
cpcas,t3,bbp_200,1500.0,0.00125666566797615,0.00024526033780847354,0.001342558676692441,0.00028952264336574697,0.0683499286286869,0.5120417498713722
cpcas,t3,bbp_200,1650.0,0.006879350150118965,0.0009729326820409214,0.007103904449671135,0.0006551052898762809,0.03264178950802299,0.4330544316538505
cpcas,t3,bbp_200,1800.0,0.01668799123928802,0.0010265753831085857,0.016697534064847235,0.0007046546962110532,0.0005718378816468716,0.01733597890999533
cpcas,t3,bbp_200,1950.0,0.03248167201041099,0.001569887969535738,0.031960121095318456,0.0016665994961778147,-0.01605677549251052,-0.5152720361307519
cpcas,t3,bbp_400,1350.0,0.0008730972853878756,0.0002110103782081333,0.0010095072750566636,0.00022658581877165056,0.15623687297136368,0.9965642676297024
cpcas,t3,bbp_400,1500.0,0.014253368181431738,0.0012313521068162755,0.01412706176614563,0.0015753273865706358,-0.008861513550926991,-0.14289034829192607
cpcas,t3,bbp_400,1650.0,0.0599056170019874,0.0038278946766316362,0.05918358761073881,0.0024243771900955076,-0.012052782817087661,-0.3604532599274643
cpcas,t3,bbp_400,1800.0,0.12509176037701103,0.002634606748311165,0.12595386185624363,0.003059156440619144,0.006891752715241477,0.4830172482756571
cpcas,t3,bbp_400,1950.0,0.1958202256383797,0.002835817930286357,0.19911291653583474,0.005145384405562017,0.01681486622089609,1.2677336662111012
cpcas,t3,util,1350.0,0.6707591071107185,0.0016455971480448346,0.6707047416965667,0.0016647972666807213,-8.105057922508507e-05,-0.05253433680242863
cpcas,t3,util,1500.0,0.7395519110131594,0.0018187185427991713,0.7380428164808657,0.0012330141609976978,-0.0020405525424528324,-1.5535408207737982
cpcas,t3,util,1650.0,0.7864557160961035,0.0015605946394787486,0.7861560063542645,0.001921261080024899,-0.00038108915188098396,-0.2738925130775413
cpcas,t3,util,1800.0,0.8139134964634884,0.0008166721178736867,0.8136397880489099,0.0010289627992795777,-0.00033628686066492836,-0.4712982872899314
cpcas,t3,util,1950.0,0.8304719629261331,0.0005885110756902747,0.8309088549763872,0.0009117150106891009,0.0005260768210822313,0.9106960648050214
cpcas,t6,bbp,2800.0,0.0018084985736506643,0.0001713897477217894,0.0016279069061642868,0.00018694994864935994,-0.09985723523233543,-1.6106505539737024
cpcas,t6,bbp,3150.0,0.014152112576678144,0.0010378217604213185,0.013022427172117646,0.0012082691981801503,-0.07982450665508085,-1.6043195371952101
cpcas,t6,bbp,3500.0,0.03703963608026184,0.0012478229977512776,0.03762936835005189,0.001775463851067929,0.01592165399552376,0.6147064092263882
cpcas,t6,bbp,3850.0,0.065887439584671,0.0015724297091065853,0.06576734002246756,0.0020561503950201265,-0.0018227990488095516,-0.10495115842404369
cpcas,t6,bbp,4200.0,0.09683093452653277,0.0019629635720657722,0.09740508398711249,0.002219681375188177,0.0059294012124028374,0.4382935460789119
cpcas,t6,bbp_100,2800.0,9.931593548467642e-06,2.246526460663381e-05,1.3321260995134379e-05,1.663249072643059e-05,0.3413014668919604,0.27430456645034773
cpcas,t6,bbp_100,3150.0,7.893943350725765e-05,5.9424914187846354e-05,0.00010667334566716227,5.342556916800459e-05,0.3513315326408413,0.7850593267535045
cpcas,t6,bbp_100,3500.0,0.0003836596757965242,5.886331294971848e-05,0.0004314403060515895,0.00011820025002372201,0.12453909876211745,0.8185000197169221
cpcas,t6,bbp_100,3850.0,0.0014274900512161164,0.0002291312924798939,0.001304289012766309,0.00012847423325733248,-0.08630605750621465,-1.0608673771338053
cpcas,t6,bbp_100,4200.0,0.0031540359666935225,0.00030275276686174586,0.0030224106370523533,0.00041116426768229863,-0.04173234897481409,-0.5831077575048276
cpcas,t6,bbp_200,2800.0,0.00014858369983439409,9.427410536184051e-05,0.00019014175676330624,7.761180322589308e-05,0.2796945894820982,0.7698241869924759
cpcas,t6,bbp_200,3150.0,0.0022693232139390524,0.00038013337476449976,0.0022322256407945095,0.0003075588705267848,-0.016347417113911068,-0.17161447082355855
cpcas,t6,bbp_200,3500.0,0.008391959873577211,0.0007281134575326026,0.007564117308813742,0.0005482123100186126,-0.09864710714001396,-2.054574635258901
cpcas,t6,bbp_200,3850.0,0.017873692500599846,0.00105510623247647,0.01811504451096197,0.0010839644629468987,0.013503198085903332,0.36090580056637234
cpcas,t6,bbp_200,4200.0,0.03167997850302527,0.0017803026347621505,0.032477875585932056,0.001004466470448907,0.025186162384251285,0.882943459096609
cpcas,t6,bbp_400,2800.0,0.0030850472259791165,0.00029662754985100234,0.002745756323018346,0.0003047542785435876,-0.10997916015794161,-1.8046370218124492
cpcas,t6,bbp_400,3150.0,0.0236389902615984,0.001715647528621067,0.021609050005577314,0.002011813779514827,-0.0858725450434628,-1.7366453610384223
cpcas,t6,bbp_400,3500.0,0.06052319163044242,0.002073220529509091,0.06186132290031658,0.0028554453929397865,0.022109396973723053,0.8577782834060083
cpcas,t6,bbp_400,3850.0,0.10630787535378802,0.002378614517703173,0.10555327854805077,0.003127447152184056,-0.00709822111697732,-0.434411925311059
cpcas,t6,bbp_400,4200.0,0.15304397819934112,0.0026376253170325463,0.15333716451280138,0.003508466928712766,0.0019156997675425088,0.1510900699896841
cpcas,t6,util,2800.0,0.4939488208380324,0.0020910544373924874,0.4938292162566314,0.0025106915712855876,-0.00024213962328740343,-0.08280079173226614
cpcas,t6,util,3150.0,0.5474617376567716,0.002059103906367814,0.5465843822953824,0.002227233779968506,-0.0016025875436417693,-0.6542788939260068
cpcas,t6,util,3500.0,0.5884561055126932,0.0014728978834670674,0.5869867047797255,0.002521605283300977,-0.002497043907272462,-1.1381808093920567
cpcas,t6,util,3850.0,0.6191968693099676,0.000884037003769296,0.6194355865681693,0.0009073351915509125,0.0003855272370283589,0.4262543849432662
cpcas,t6,util,4200.0,0.6448508331341068,0.001026464242081661,0.6449613057346589,0.0012081430354623553,0.0001713149690993826,0.1576268990131432
cpcas,t9,bbp,3800.0,0.0033469525572454306,0.0004408737597362905,0.0031631902718562525,0.0004990569722552345,-0.05490435918829275,-0.6242199663540792
cpcas,t9,bbp,4300.0,0.01915143037996685,0.0011454291069036505,0.01920577246679723,0.001499376563186791,0.002837494941747147,0.0651471620070444
cpcas,t9,bbp,4800.0,0.04936046762816433,0.0019169941486940011,0.04901305696924653,0.0014660015531650567,-0.007038236783631572,-0.32562972705345083
cpcas,t9,bbp,5300.0,0.08375211202323547,0.0014527019219985526,0.08595880250593739,0.0017882167637269962,0.026347878631284093,2.1665365808223043
cpcas,t9,bbp,5800.0,0.12299542784046827,0.0024105283751738437,0.1220530167811082,0.0022153140012581523,-0.007662163349538658,-0.6511345893813362
cpcas,t9,bbp_100,3800.0,2.0784833621297723e-05,1.9908124120713297e-05,2.340998224032964e-05,2.5371171846231037e-05,0.12630116107073328,0.18412960065196166
cpcas,t9,bbp_100,4300.0,0.0003534878558608758,0.00015012778170163762,0.0003298448039585569,9.691303939085385e-05,-0.06688504713900059,-0.2992907936513938
cpcas,t9,bbp_100,4800.0,0.0015603944560071135,0.0004054557202454545,0.001437123497726455,0.0002422275877974405,-0.07899986942794957,-0.5903834914555657
cpcas,t9,bbp_100,5300.0,0.0034183179782952483,0.00048416524159168475,0.003639349148058959,0.0004764297604720987,0.0646607984298585,0.7360489827333381
cpcas,t9,bbp_100,5800.0,0.007372019197585062,0.0006740707538455621,0.007071393993138569,0.00036271974255036013,-0.040779221593043556,-0.8883672316020994
cpcas,t9,bbp_200,3800.0,0.00048463760281844,0.00011680680181596613,0.0004729356913541721,0.00013316318675966342,-0.024145694424482795,-0.14943378555457684
cpcas,t9,bbp_200,4300.0,0.003959189654125918,0.0004900685006325684,0.003962905544745657,0.0005926915218395364,0.0009385482748639395,0.010929401147935664
cpcas,t9,bbp_200,4800.0,0.012918785059136812,0.0005201948674260412,0.012826065911247946,0.0006332892817378095,-0.007177079536847797,-0.25591039765532225
cpcas,t9,bbp_200,5300.0,0.025222125564482778,0.0009606250703769945,0.026858965963838438,0.0009082191452328503,0.06489700462282297,2.8007229302216405
cpcas,t9,bbp_200,5800.0,0.044888351379515946,0.0012897456698089357,0.043650648187694,0.0009902459500251031,-0.027572926021666107,-1.721772811226108
cpcas,t9,bbp_400,3800.0,0.005607186476552485,0.0007361677243034387,0.005293594686821909,0.0008194901665410673,-0.055926763099804135,-0.6439262536973612
cpcas,t9,bbp_400,4300.0,0.031438248647551695,0.0019194494566325045,0.03155688960486785,0.0024745115137338055,0.0037737775614098182,0.08569356875133724
cpcas,t9,bbp_400,4800.0,0.07952523236312033,0.0032024975341276235,0.0790434274611657,0.0025199020123767026,-0.006058516116679221,-0.26744387126008295
cpcas,t9,bbp_400,5300.0,0.133326031865133,0.0025624974819382475,0.13612410911856673,0.003021822625551479,0.020986728655242252,1.597470445452213
cpcas,t9,bbp_400,5800.0,0.19098481127178635,0.003631706966290957,0.1900468123788085,0.0033775301872027556,-0.00491137953186763,-0.42781283110096135
cpcas,t9,util,3800.0,0.46803816230899464,0.0020108680943868367,0.46825440235012117,0.0018557674312695532,0.0004620136957630509,0.17875630292910064
cpcas,t9,util,4300.0,0.5176616820168413,0.0009344231598862653,0.516847252580353,0.002091557597360341,-0.0015732851489319694,-0.8041907763789738
cpcas,t9,util,4800.0,0.5527187697564326,0.001246780256499267,0.5529386180306491,0.0010171694817037492,0.00039775793087936236,0.3090592086918117
cpcas,t9,util,5300.0,0.5782405595617337,0.0009542373807036891,0.5800893042952343,0.0010168854744501915,0.0031971896521783725,2.998828384191487
cpcas,t9,util,5800.0,0.6005987893345335,0.001132733072268762,0.6000192502275492,0.0011433556677329724,-0.0009649355231408389,-0.8145100094328579
ff,nsfnet,bbp,130.0,0.00220066000775776,0.0002439584244532318,0.002066375423233054,0.00028527499103106013,-0.06102014125368121,-0.8092208523005502
ff,nsfnet,bbp,155.0,0.010029250112461075,0.00044858774201478655,0.01012295057417815,0.00048234682143835997,0.009342718614690281,0.3217694454997277
ff,nsfnet,bbp,180.0,0.02756943845873062,0.0006426811461777562,0.027667282605760995,0.0011195059338071959,0.0035490076149660805,0.17145359977144464
ff,nsfnet,bbp,205.0,0.05034005370056012,0.0011594898459838109,0.050117819261137876,0.0017069466172838618,-0.004414664329604611,-0.24361099069232126
ff,nsfnet,bbp,230.0,0.07684481716228506,0.0018582226350165672,0.07758163953434363,0.0014804639428600854,0.009588445900034026,0.7015077561609545
ff,nsfnet,bbp_100,130.0,1.869917904066778e-07,4.2297542989990515e-07,1.6718773896905955e-05,3.033609819294036e-05,88.40913320603671,1.232566446468017
ff,nsfnet,bbp_100,155.0,9.967207223426827e-05,5.6132269007735233e-05,0.00011368441309630452,5.064772120740849e-05,0.1405844239808899,0.41923380924942866
ff,nsfnet,bbp_100,180.0,0.0004036703119741937,9.414534289599311e-05,0.00035434055625882505,7.169448772410253e-05,-0.12220308071236667,-0.9429401276906957
ff,nsfnet,bbp_100,205.0,0.0011409421315934183,0.0001794949566587109,0.0009816043465383092,0.00012059760469071181,-0.13965457199181605,-1.6667244562461114
ff,nsfnet,bbp_100,230.0,0.0019242714457614247,0.00024398415426011522,0.001993403939019206,0.00020371431348255748,0.03592658063396351,0.491987870960902
ff,nsfnet,bbp_200,130.0,0.00040436697207986286,9.960092265117854e-05,0.00041843996422454477,0.0001526340008302352,0.034802526211024164,0.17466089918582905
ff,nsfnet,bbp_200,155.0,0.0020960436896528757,0.0003757645393835377,0.0021783161435464707,0.00035663673793587627,0.03925130678321886,0.3592236291984197
ff,nsfnet,bbp_200,180.0,0.0069363391492986105,0.0004236064959819226,0.0072947409656602515,0.00041380293899847886,0.051670169039799894,1.3690212578856733
ff,nsfnet,bbp_200,205.0,0.015548832467536178,0.0009565021928189,0.015762946997968617,0.0010012061548280219,0.013770457098915985,0.34977804735172946
ff,nsfnet,bbp_200,230.0,0.02692543195747631,0.0010703465127330375,0.028083333469297412,0.0011756947688749346,0.04300400876204294,1.6473439670766064
ff,nsfnet,bbp_400,130.0,0.0036494911421690846,0.0004266014842862657,0.0034044194940739654,0.0004400773657216083,-0.06715227919404133,-0.904461278298395
ff,nsfnet,bbp_400,155.0,0.01646847748562268,0.0006808534292740765,0.0166007248134181,0.0006753794126089513,0.008030331153008888,0.31192968704110347
ff,nsfnet,bbp_400,180.0,0.044702215340977014,0.0009939180667281684,0.04466157479213832,0.0018035672140867707,-0.0009091394806430871,-0.04464079963048444
ff,nsfnet,bbp_400,205.0,0.08014216914221091,0.0018744250664073563,0.0796645426655532,0.0024705776050334195,-0.005959739819497126,-0.3483823545774632
ff,nsfnet,bbp_400,230.0,0.120591351494248,0.0028482200031096513,0.12116620163040978,0.002091966629188647,0.0047669267243364245,0.3679501150862035
ff,nsfnet,util,130.0,0.21518114645173672,0.000738366489679742,0.2141367475756383,0.0008619431205817898,-0.004853579848049874,-2.0815122812626643
ff,nsfnet,util,155.0,0.25319402899656407,0.0011712305899850102,0.251760420397557,0.0009409054964333873,-0.005662094815934604,-2.1584863815919215
ff,nsfnet,util,180.0,0.2860185146910386,0.000957633398260267,0.28488985853464205,0.0012333725436403135,-0.00394609474011065,-1.6349835869420157
ff,nsfnet,util,205.0,0.31239392999450294,0.0010928068043757726,0.31157838364237733,0.0008961548458133176,-0.0026106344388316305,-1.3053212279466317
ff,nsfnet,util,230.0,0.3355580649681144,0.0008442474563798612,0.3341853919252931,0.0008779766159321442,-0.0040907168866637965,-2.5491874711269733
ff,usa,bbp,140.0,0.0017989882989648824,0.0003155291686467207,0.001490429324152875,0.00020095142365921662,-0.1715180554479141,-1.8657766152686566
ff,usa,bbp,175.0,0.010122524990739123,0.00044337522498535297,0.010332948665398288,0.0005427433625363389,0.020787666600149357,0.6791712066092023
ff,usa,bbp,210.0,0.028145070241856494,0.0011341678377891258,0.028921418425364075,0.0010291675098338616,0.027583806927332477,1.1466459592241
ff,usa,bbp,245.0,0.050225300389042715,0.0011460728240125725,0.0515248725826931,0.0013614053025069396,0.025874851590412872,1.6518679780387318
ff,usa,bbp,280.0,0.07405606620024831,0.0007666411287163333,0.07550843206999965,0.00143211586591609,0.01961170697109574,2.0224327128978525
ff,usa,bbp_100,140.0,1.0814471507075891e-05,1.3881950718471813e-05,1.9945823681491885e-05,2.2983368771876168e-05,0.844364162265476,0.7692667989572013
ff,usa,bbp_100,175.0,7.622491364205387e-05,6.016267619190162e-05,0.00012660532889768327,5.703047339473399e-05,0.6609442090313389,1.374713054889044
ff,usa,bbp_100,210.0,0.0004213675571865663,8.821558316958087e-05,0.0005705053507260181,0.0001546541087402526,0.353937532673924,1.8947481343900352
ff,usa,bbp_100,245.0,0.0011424240594695852,0.00010859889286547695,0.0010650060223479764,0.00016530077761063846,-0.06776646244438617,-0.8854133493839913
ff,usa,bbp_100,280.0,0.002237770791939227,0.00031634838176549795,0.0022572188841330125,0.00026763542481430153,0.008690832977104027,0.10616420450591776
ff,usa,bbp_200,140.0,0.0003070426672343786,6.680075870148399e-05,0.00030307530112199266,9.412501029304868e-05,-0.012921220845692624,-0.07775216036828611
ff,usa,bbp_200,175.0,0.002603882496162072,0.00023238230157028662,0.002541805865036843,0.00029567571741288227,-0.023840027811057346,-0.3733847939092498
ff,usa,bbp_200,210.0,0.009100079106325399,0.0004315738448994779,0.008431125265154063,0.0003451045225628476,-0.07351077208838225,-2.738341290140807
ff,usa,bbp_200,245.0,0.01840380662157319,0.0009319059665711269,0.01860310505410001,0.0008900161585587013,0.010829196188858024,0.34983794234042376
ff,usa,bbp_200,280.0,0.03038833561638644,0.0009094657138049752,0.031310332540643034,0.0009763194125981626,0.030340487741599777,1.5630473165090366
ff,usa,bbp_400,140.0,0.0029949630032744317,0.0005585437439918903,0.0024540939411328115,0.00034689252689349364,-0.18059290266700492,-1.860755626479033
ff,usa,bbp_400,175.0,0.016370820578402667,0.0007622382323089183,0.01679455519649479,0.0008844986561059582,0.02588352954348155,0.8208875381382884
ff,usa,bbp_400,210.0,0.0446035157881062,0.0018793230958652673,0.04626869095190645,0.0017209946091575887,0.037332823083069115,1.4781113747449335
ff,usa,bbp_400,245.0,0.07842901334585464,0.0019853444690630024,0.08063884294452031,0.001976019181958038,0.028176174917830577,1.7845160941347242
ff,usa,bbp_400,280.0,0.11397366865956857,0.0014597782715921673,0.11596294860142306,0.0023180678818909323,0.01745385548478162,1.6425960281084344
ff,usa,util,140.0,0.14591429293901706,0.0005041497345565974,0.14566082391148083,0.000688576460040857,-0.0017371089728828927,-0.6718324916308815
ff,usa,util,175.0,0.17893769600560103,0.0005529538164661706,0.17954429320185378,0.0007311206387200052,0.003389991096307416,1.4968456826045373
ff,usa,util,210.0,0.20861924021846381,0.0011492532176286918,0.2092972162000672,0.0009260736383992884,0.0032498248047179643,1.0390550544288861
ff,usa,util,245.0,0.23390283798909284,0.0006421043020274205,0.23467518959394534,0.0006882336089698526,0.003302018955787623,1.856093093293956
ff,usa,util,280.0,0.25633845372020153,0.0007722102837685466,0.25750435582996156,0.0006204319641358657,0.004548291888475835,2.6623555952473654
ksp,nsfnet,bbp,220.0,0.0028139294962376015,0.00020710823263101556,0.002620222330691094,0.00016692610142013392,-0.06883867055144985,-1.6472141808442655
ksp,nsfnet,bbp,260.0,0.011117251814519245,0.0006804018959793658,0.01091734784918348,0.0004841429091884167,-0.017981419209618793,-0.5414911703996442
ksp,nsfnet,bbp,300.0,0.02693755454787241,0.0004776619152812388,0.0271475314890025,0.0008510401404695098,0.007794951867547145,0.4866846183349917
ksp,nsfnet,bbp,340.0,0.050181387051600336,0.001464447188018636,0.05075117216697565,0.001837329457635063,0.01135451108175667,0.5485535284056446
ksp,nsfnet,bbp,380.0,0.07901496893636946,0.000908349676351467,0.07749298693157225,0.001599370708208261,-0.01926194524005771,-1.8717403908804557
ksp,nsfnet,bbp_100,220.0,1.2199602130979969e-05,1.2274887390984641e-05,1.6712705602563877e-05,1.6901672371637682e-05,0.36993857858062623,0.48871501412693513
ksp,nsfnet,bbp_100,260.0,0.00014697201790048233,6.609789823917613e-05,0.00012346550444016776,5.040394621547918e-05,-0.15993869987027934,-0.6396727118995317
ksp,nsfnet,bbp_100,300.0,0.00028749070270365324,9.908897503727318e-05,0.00035416925977560905,7.340018003283495e-05,0.23193291624699383,1.2231177865686285
ksp,nsfnet,bbp_100,340.0,0.0007842760324780294,0.00018887290393945105,0.0009567930983111255,0.00011195784071853103,0.21996983037720075,1.7773264940028193
ksp,nsfnet,bbp_100,380.0,0.0014903381286170434,0.0001383670285034533,0.0015839248850417944,0.00014008483703038536,0.06279565330023108,1.0751364801009637
ksp,nsfnet,bbp_200,220.0,0.00048594177507071555,9.778565825733426e-05,0.00039196236668156563,6.778435156938401e-05,-0.193396438031025,-1.7866664227946851
ksp,nsfnet,bbp_200,260.0,0.002013097908158991,0.00024365883494004321,0.001818485137186335,0.00020093104680921122,-0.09667327663691834,-1.3938720580693411
ksp,nsfnet,bbp_200,300.0,0.004579651252161592,0.0002634161744171167,0.004934660259558673,0.00028082651793032024,0.07751878644242116,2.085605952010308
ksp,nsfnet,bbp_200,340.0,0.010431542368634496,0.0006957553713702343,0.010596005658859644,0.000548034609052079,0.015765961006845464,0.42003738538465685
ksp,nsfnet,bbp_200,380.0,0.018464540027446023,0.0009252305569903729,0.01827550709966299,0.000678721791059781,-0.010237619106787995,-0.3726354720891616
ksp,nsfnet,bbp_400,220.0,0.0046834095418227155,0.0003839759205259586,0.004386944787057101,0.00030013766864511266,-0.06330105281594368,-1.3759905814623918
ksp,nsfnet,bbp_400,260.0,0.018410996814046468,0.0011635312409799935,0.0181918729156438,0.0008911781720146647,-0.01190179437951389,-0.33819318808588206
ksp,nsfnet,bbp_400,300.0,0.04480951772689608,0.0007685014852583932,0.04502735485572693,0.0014949240035453965,0.004861403109904518,0.2931467781964525
ksp,nsfnet,bbp_400,340.0,0.08241132076007715,0.0023660731392861414,0.0833717674402955,0.003009294060113483,0.01165430515322619,0.5675256593299625
ksp,nsfnet,bbp_400,380.0,0.12865519280514853,0.0014848223398987402,0.12614537849168034,0.0026004524744885713,-0.019508068494906154,-1.8958736288455835
ksp,nsfnet,util,220.0,0.30472270674136265,0.0011632434470071947,0.30361273159035973,0.0008760956227642578,-0.0036425744667102325,-1.7241236281480206
ksp,nsfnet,util,260.0,0.35451966478227614,0.0006827049700060492,0.35312292529803024,0.0009580917003488824,-0.003939808205290083,-2.685566560904211
ksp,nsfnet,util,300.0,0.3973663603189655,0.0008393774111856986,0.3962757266242559,0.0015317517012934593,-0.002744655319675588,-1.4124184497359966
ksp,nsfnet,util,340.0,0.4356605840491589,0.0008130485021593266,0.4350347794585752,0.00137363170843874,-0.0014364498728971229,-0.8868274725131222
ksp,nsfnet,util,380.0,0.468192148673641,0.0010836890471975264,0.4671448554498016,0.0012498742041390798,-0.00223688762574578,-1.4320487862850364
ksp,usa,bbp,220.0,0.0037661670950366196,0.0002869743849443901,0.0035993625610714316,0.0003705763922086778,-0.04429026374985259,-0.8050151341309789
ksp,usa,bbp,260.0,0.011367714589545873,0.0006497219009254329,0.010947448740552784,0.000551911358361562,-0.03697012672886591,-1.1151306828851226
ksp,usa,bbp,300.0,0.022047190350761813,0.000544497346215008,0.02233708007586603,0.0006377744614139765,0.013148601726215013,0.7819439238642683
ksp,usa,bbp,340.0,0.037879699082957664,0.0010468943971074613,0.038111111484822636,0.0009941915022485038,0.006109140449035039,0.36256695302519726
ksp,usa,bbp,380.0,0.05622146019325985,0.0011626423792942425,0.057069215239997785,0.000687195592664545,0.01507885145323147,1.4198861848218678
ksp,usa,bbp_100,220.0,6.080983102370456e-05,5.588421265944347e-05,9.993575675438515e-05,5.840528860951201e-05,0.6434144787448715,1.094864191605915
ksp,usa,bbp_100,260.0,0.00029169119383796246,8.8555520169023e-05,0.0003372934704268499,0.00010370377028077701,0.15633751567495033,0.7564198360718958
ksp,usa,bbp_100,300.0,0.000925922378071601,0.00015448289947642965,0.0009094265278637534,0.00016734110290964868,-0.01781558648814936,-0.16383908276375875
ksp,usa,bbp_100,340.0,0.0018334541564134278,0.0002088549418470386,0.0019174808651974099,0.00023067807099722882,0.0458297299062845,0.6107996791708535
ksp,usa,bbp_100,380.0,0.00338242873936221,0.0003211541431748047,0.003693408430973923,0.00033540974982605216,0.09193976150709708,1.5148174027773131
ksp,usa,bbp_200,220.0,0.0009579018046761891,0.00025764668574552356,0.000982666653998205,0.0002103841385151148,0.025853223369161016,0.1684091676973025
ksp,usa,bbp_200,260.0,0.003348487331637122,0.0003420504787701433,0.0029681804938465396,0.00031571481587696097,-0.11357571348631779,-1.848089324336096
ksp,usa,bbp_200,300.0,0.006982069017997698,0.0003828314050973893,0.0074465780247309436,0.0004939024894493397,0.06652884775786075,1.6814210065014736
ksp,usa,bbp_200,340.0,0.01316649396126961,0.0009511194479112654,0.012929844152166168,0.0006893592869694593,-0.017973638980853104,-0.45570489806572084
ksp,usa,bbp_200,380.0,0.020735465744317345,0.0009297279105137826,0.020933523349126147,0.0009352022734586654,0.009551635215287142,0.3397306045089809
ksp,usa,bbp_400,220.0,0.006089305236290456,0.0004888028284567249,0.005786258794053326,0.0006212389162360548,-0.049766998118449084,-0.8671781855780984
ksp,usa,bbp_400,260.0,0.018140077266665274,0.0011277357546129968,0.01760649701022481,0.0008804626042664523,-0.02941444231998875,-0.8435934198866675
ksp,usa,bbp_400,300.0,0.034938042711917576,0.0009565342338853042,0.035199263335356515,0.0010051272040134613,0.0074766816673973256,0.42585112646609297
ksp,usa,bbp_400,340.0,0.05926373078014844,0.001714021305447422,0.05981099332920233,0.0014407553214561277,0.009234358719063444,0.552855383139828
ksp,usa,bbp_400,380.0,0.08724212410163235,0.001881023590773928,0.08860063125142188,0.0011873815115928206,0.015571688146966132,1.3814469608375664
ksp,usa,util,220.0,0.20223804936687378,0.0007607071219295971,0.20220302814448302,0.0008928828990254493,-0.00017316831575663462,-0.06753486991226848
ksp,usa,util,260.0,0.23591992244334986,0.0007104850324414994,0.2365031734431285,0.0009720806027521984,0.0024722414018200655,1.09573258632714
ksp,usa,util,300.0,0.2678610462020732,0.0007866964807182217,0.26864380036909496,0.000638387253899637,0.00292223963924667,1.7476457164764618
ksp,usa,util,340.0,0.2974842461847797,0.0008858998128105195,0.2987285932917786,0.0007613863007627045,0.004182900852591614,2.4095890691598947
ksp,usa,util,380.0,0.32273801470826335,0.001165747910224092,0.32393714020798836,0.0007987977299167708,0.003715476470315861,1.9193898965936569
